{"val_loss": 2.5253189540863037, "loss": 3.177669587834676, "epoch": 0, "time": "05:00:59"}
{"val_loss": 2.256029069519043, "loss": 2.420473253885905, "epoch": 1, "time": "05:00:59"}
{"val_loss": 1.2780539926052092, "loss": 2.1352372117996214, "epoch": 2, "time": "05:01:00"}
{"val_loss": 1.009755431804061, "loss": 1.164466575050354, "epoch": 3, "time": "05:01:01"}
{"val_loss": 0.9517889295186207, "loss": 0.97358884629185, "epoch": 4, "time": "05:01:02"}
{"val_loss": 0.9238116825670004, "loss": 0.8974905667111743, "epoch": 5, "time": "05:01:03"}
{"val_loss": 0.9125212458372127, "loss": 0.8899231015423964, "epoch": 6, "time": "05:01:04"}
{"val_loss": 0.7786843528568747, "loss": 0.8398840104738872, "epoch": 7, "time": "05:01:04"}
{"val_loss": 0.878220870089531, "loss": 0.8281555037975311, "epoch": 8, "time": "05:01:05"}
{"val_loss": 0.9090429203212261, "loss": 0.7866764801979065, "epoch": 9, "time": "05:01:06"}
{"val_loss": 0.8650634864807129, "loss": 0.8334253913958868, "epoch": 10, "time": "05:01:07"}
{"val_loss": 0.7796502658843995, "loss": 0.7656427662213643, "epoch": 11, "time": "05:01:08"}
{"val_loss": 0.8195016404032871, "loss": 0.7275821390231451, "epoch": 12, "time": "05:01:08"}
{"val_loss": 0.8247103685379028, "loss": 0.7471716596762339, "epoch": 13, "time": "05:01:09"}
{"val_loss": 0.8296781353127153, "loss": 0.7702277084509531, "epoch": 14, "time": "05:01:10"}
{"val_loss": 0.7177331390023234, "loss": 0.7424937875459592, "epoch": 15, "time": "05:01:11"}
{"val_loss": 0.7855375146509949, "loss": 0.7583208209355672, "epoch": 16, "time": "05:01:12"}
{"val_loss": 0.7611993312835693, "loss": 0.729044385629644, "epoch": 17, "time": "05:01:12"}
{"val_loss": 0.7224924815177918, "loss": 0.7700181707700093, "epoch": 18, "time": "05:01:13"}
{"val_loss": 0.723336715334859, "loss": 0.6671884881635507, "epoch": 19, "time": "05:01:14"}
{"val_loss": 0.7296356595516205, "loss": 0.6997803918133217, "epoch": 20, "time": "05:01:15"}
{"val_loss": 0.8209009252548217, "loss": 0.6926138133664926, "epoch": 21, "time": "05:01:16"}
{"val_loss": 0.6922895404100644, "loss": 0.6837224678305298, "epoch": 22, "time": "05:01:17"}
{"val_loss": 0.7546792343139649, "loss": 0.6777977609793345, "epoch": 23, "time": "05:01:17"}
{"val_loss": 0.7577352851510047, "loss": 0.7025589678645134, "epoch": 24, "time": "05:01:18"}
{"val_loss": 0.7563305017948151, "loss": 0.6992008547614018, "epoch": 25, "time": "05:01:19"}
{"val_loss": 0.8956456664562226, "loss": 0.69758436460495, "epoch": 26, "time": "05:01:20"}
{"val_loss": 0.6890283546447754, "loss": 0.69009041334788, "epoch": 27, "time": "05:01:20"}
{"val_loss": 0.7693605072716949, "loss": 0.6911059290568033, "epoch": 28, "time": "05:01:21"}
{"val_loss": 0.8162865854249424, "loss": 0.6488780173301697, "epoch": 29, "time": "05:01:22"}
{"val_loss": 0.8136683050872875, "loss": 0.7137562934239705, "epoch": 30, "time": "05:01:23"}
{"val_loss": 0.7775965222477913, "loss": 0.6263434956391652, "epoch": 31, "time": "05:01:24"}
{"val_loss": 0.7714367249012066, "loss": 0.6459020291487376, "epoch": 32, "time": "05:01:24"}
{"val_loss": 0.8101706780433655, "loss": 0.6674971776644388, "epoch": 33, "time": "05:01:25"}
{"val_loss": 0.7899425983847351, "loss": 0.6793752515792847, "epoch": 34, "time": "05:01:26"}
{"val_loss": 0.703939295504149, "loss": 0.6494372450709954, "epoch": 35, "time": "05:01:27"}
{"val_loss": 0.76440147061348, "loss": 0.6586538026372591, "epoch": 36, "time": "05:01:28"}
{"val_loss": 0.699111204391779, "loss": 0.6234701143185297, "epoch": 37, "time": "05:01:28"}
{"val_loss": 0.6468336915969849, "loss": 0.6427783503369738, "epoch": 38, "time": "05:01:29"}
{"val_loss": 0.7846330703735351, "loss": 0.6616437838770449, "epoch": 39, "time": "05:01:30"}
{"val_loss": 0.6789194424629211, "loss": 0.6396335744857788, "epoch": 40, "time": "05:01:31"}
{"val_loss": 0.7569831513446086, "loss": 0.6311173379977544, "epoch": 41, "time": "05:01:31"}
{"val_loss": 0.6887058802866471, "loss": 0.6297464298566182, "epoch": 42, "time": "05:01:32"}
{"val_loss": 0.7552887157440186, "loss": 0.654911971839269, "epoch": 43, "time": "05:01:33"}
{"val_loss": 0.8433767504692078, "loss": 0.6764288027127584, "epoch": 44, "time": "05:01:34"}
{"val_loss": 0.7028503959655762, "loss": 0.6323494839883022, "epoch": 45, "time": "05:01:35"}
{"val_loss": 0.7270259147644043, "loss": 0.6681483642737073, "epoch": 46, "time": "05:01:35"}
{"val_loss": 0.7338786737442017, "loss": 0.6177494561831156, "epoch": 47, "time": "05:01:36"}
{"val_loss": 0.7306469284176826, "loss": 0.6144538460016251, "epoch": 48, "time": "05:01:37"}
{"val_loss": 0.7002439403027296, "loss": 0.6513695977846782, "epoch": 49, "time": "05:01:38"}
