{"val_loss": 10.235917700195312, "loss": 10.97074300587972, "epoch": 0, "time": "03:59:38"}
{"val_loss": 9.9846923828125, "loss": 10.181001414489746, "epoch": 1, "time": "03:59:39"}
{"val_loss": 8.605921380615234, "loss": 9.007573194376628, "epoch": 2, "time": "03:59:40"}
{"val_loss": 7.098150667572021, "loss": 7.751133311208089, "epoch": 3, "time": "03:59:40"}
{"val_loss": 6.0585237396240235, "loss": 6.502319991811117, "epoch": 4, "time": "03:59:41"}
{"val_loss": 6.042066116333007, "loss": 6.162598895517985, "epoch": 5, "time": "03:59:42"}
{"val_loss": 5.960617532348633, "loss": 6.0064817237854005, "epoch": 6, "time": "03:59:43"}
{"val_loss": 5.535250451660156, "loss": 5.897300562286377, "epoch": 7, "time": "03:59:44"}
{"val_loss": 3.392733483886719, "loss": 4.03882845141093, "epoch": 8, "time": "03:59:44"}
{"val_loss": 3.399862951660156, "loss": 3.4971182478586833, "epoch": 9, "time": "03:59:45"}
{"val_loss": 3.265006736755371, "loss": 3.4402401429494223, "epoch": 10, "time": "03:59:46"}
{"val_loss": 3.21522105178833, "loss": 3.320612673823039, "epoch": 11, "time": "03:59:47"}
{"val_loss": 3.2830982025146485, "loss": 3.24767662709554, "epoch": 12, "time": "03:59:48"}
{"val_loss": 3.2605392234802246, "loss": 3.407209843699137, "epoch": 13, "time": "03:59:48"}
{"val_loss": 3.32811312789917, "loss": 3.5060009311676024, "epoch": 14, "time": "03:59:49"}
{"val_loss": 3.1174736602783204, "loss": 3.2370870499928794, "epoch": 15, "time": "03:59:50"}
{"val_loss": 3.4182739753723146, "loss": 3.2197697333017987, "epoch": 16, "time": "03:59:51"}
{"val_loss": 2.7556946571350096, "loss": 2.7612945137023925, "epoch": 17, "time": "03:59:52"}
{"val_loss": 1.8756222930908204, "loss": 2.0731500321070353, "epoch": 18, "time": "03:59:52"}
{"val_loss": 1.90685827293396, "loss": 2.150213428878784, "epoch": 19, "time": "03:59:53"}
{"val_loss": 2.0537468296051027, "loss": 2.0906374947865802, "epoch": 20, "time": "03:59:54"}
{"val_loss": 1.719006363105774, "loss": 1.808612180519104, "epoch": 21, "time": "03:59:55"}
{"val_loss": 1.9337598205566406, "loss": 1.9342883623123168, "epoch": 22, "time": "03:59:55"}
{"val_loss": 1.6241587532043458, "loss": 1.7700499046325684, "epoch": 23, "time": "03:59:56"}
{"val_loss": 2.3332783292770385, "loss": 1.8680932381947835, "epoch": 24, "time": "03:59:57"}
{"val_loss": 1.8307350687026978, "loss": 1.9630503638585408, "epoch": 25, "time": "03:59:58"}
{"val_loss": 1.819134720993042, "loss": 1.8663186915715535, "epoch": 26, "time": "03:59:59"}
{"val_loss": 1.8106216497421264, "loss": 1.9051298417727152, "epoch": 27, "time": "03:59:59"}
{"val_loss": 1.6781535203933715, "loss": 2.0486608688990273, "epoch": 28, "time": "04:00:00"}
{"val_loss": 1.7550401063919068, "loss": 1.7791506184895833, "epoch": 29, "time": "04:00:01"}
{"val_loss": 2.141968424987793, "loss": 1.8319990813573201, "epoch": 30, "time": "04:00:02"}
{"val_loss": 1.7581253316879273, "loss": 1.7773985230763754, "epoch": 31, "time": "04:00:02"}
{"val_loss": 1.6254686281204223, "loss": 1.7019458992004395, "epoch": 32, "time": "04:00:03"}
{"val_loss": 1.5724552028656005, "loss": 1.895176792971293, "epoch": 33, "time": "04:00:04"}
{"val_loss": 1.5543353918075562, "loss": 1.708464740117391, "epoch": 34, "time": "04:00:05"}
{"val_loss": 1.725435143661499, "loss": 1.7146657340367635, "epoch": 35, "time": "04:00:06"}
{"val_loss": 1.775822266960144, "loss": 1.830023329480489, "epoch": 36, "time": "04:00:06"}
{"val_loss": 1.5676402379989625, "loss": 1.666864122390747, "epoch": 37, "time": "04:00:07"}
{"val_loss": 1.4486543441772461, "loss": 1.5880342560450236, "epoch": 38, "time": "04:00:08"}
{"val_loss": 1.511984532928467, "loss": 1.826438203493754, "epoch": 39, "time": "04:00:09"}
{"val_loss": 1.6054795915603637, "loss": 1.6199160654703777, "epoch": 40, "time": "04:00:10"}
{"val_loss": 1.7083801015853881, "loss": 1.81349414285024, "epoch": 41, "time": "04:00:10"}
{"val_loss": 1.7565293727874756, "loss": 1.734155423227946, "epoch": 42, "time": "04:00:11"}
{"val_loss": 1.9144774816513062, "loss": 1.6973088117599486, "epoch": 43, "time": "04:00:12"}
{"val_loss": 1.5306402364730836, "loss": 1.7455109073003132, "epoch": 44, "time": "04:00:13"}
{"val_loss": 1.5634532007217408, "loss": 1.6763541842778524, "epoch": 45, "time": "04:00:13"}
{"val_loss": 1.5630866901397704, "loss": 1.7891278711954752, "epoch": 46, "time": "04:00:14"}
{"val_loss": 1.9211172266006469, "loss": 1.7092035698572794, "epoch": 47, "time": "04:00:15"}
{"val_loss": 1.566266760826111, "loss": 2.018904770596822, "epoch": 48, "time": "04:00:16"}
{"val_loss": 1.4829147356033325, "loss": 1.7331854693730673, "epoch": 49, "time": "04:00:17"}
