{"val_loss": 5.159286456298828, "loss": 6.805917142232259, "epoch": 0, "time": "01:56:57"}
{"val_loss": 4.730866833496094, "loss": 4.8444961747487385, "epoch": 1, "time": "01:56:58"}
{"val_loss": 4.581078936767578, "loss": 4.60177476272583, "epoch": 2, "time": "01:56:59"}
{"val_loss": 4.355152216339111, "loss": 4.642667155965169, "epoch": 3, "time": "01:56:59"}
{"val_loss": 3.118409119415283, "loss": 3.5279809350331623, "epoch": 4, "time": "01:57:00"}
{"val_loss": 2.84198362197876, "loss": 3.0999484546661376, "epoch": 5, "time": "01:57:01"}
{"val_loss": 2.847536558532715, "loss": 2.974952128982544, "epoch": 6, "time": "01:57:02"}
{"val_loss": 2.8144081604003905, "loss": 2.9159494953155516, "epoch": 7, "time": "01:57:03"}
{"val_loss": 2.824261750793457, "loss": 2.828828646723429, "epoch": 8, "time": "01:57:04"}
{"val_loss": 2.9453217391967774, "loss": 2.862598899904887, "epoch": 9, "time": "01:57:04"}
{"val_loss": 2.67909393157959, "loss": 2.9006161750793455, "epoch": 10, "time": "01:57:05"}
{"val_loss": 2.6242386734008787, "loss": 2.8567284615834554, "epoch": 11, "time": "01:57:06"}
{"val_loss": 2.8234930130004883, "loss": 2.806900018819173, "epoch": 12, "time": "01:57:07"}
{"val_loss": 2.786552847290039, "loss": 2.8331332082748415, "epoch": 13, "time": "01:57:07"}
{"val_loss": 2.819590640258789, "loss": 2.771958713277181, "epoch": 14, "time": "01:57:08"}
{"val_loss": 2.793336093902588, "loss": 2.7806759476979575, "epoch": 15, "time": "01:57:09"}
{"val_loss": 2.955971748352051, "loss": 2.7788828550974527, "epoch": 16, "time": "01:57:10"}
{"val_loss": 2.6347638397216797, "loss": 2.8431788098653157, "epoch": 17, "time": "01:57:10"}
{"val_loss": 2.5579792358398437, "loss": 2.7093297045389813, "epoch": 18, "time": "01:57:11"}
{"val_loss": 2.5786902725219725, "loss": 2.680623711840312, "epoch": 19, "time": "01:57:12"}
{"val_loss": 2.605974171447754, "loss": 2.6878526861826577, "epoch": 20, "time": "01:57:13"}
{"val_loss": 2.523813511657715, "loss": 2.6832244398752847, "epoch": 21, "time": "01:57:13"}
{"val_loss": 2.5959846992492674, "loss": 2.645329715092977, "epoch": 22, "time": "01:57:14"}
{"val_loss": 2.6742530532836915, "loss": 2.616544845708211, "epoch": 23, "time": "01:57:15"}
{"val_loss": 2.702552523803711, "loss": 2.695494518025716, "epoch": 24, "time": "01:57:16"}
{"val_loss": 2.638700321960449, "loss": 2.6658475317637125, "epoch": 25, "time": "01:57:16"}
{"val_loss": 2.6017087768554688, "loss": 2.7261802467346192, "epoch": 26, "time": "01:57:17"}
{"val_loss": 2.6168191909790037, "loss": 2.7542316102345783, "epoch": 27, "time": "01:57:18"}
{"val_loss": 2.508054067993164, "loss": 2.615643715286255, "epoch": 28, "time": "01:57:19"}
{"val_loss": 2.7897603958129884, "loss": 2.615007069269816, "epoch": 29, "time": "01:57:19"}
{"val_loss": 2.4462227020263674, "loss": 2.62470916595459, "epoch": 30, "time": "01:57:20"}
{"val_loss": 2.528985368347168, "loss": 2.5651031688690185, "epoch": 31, "time": "01:57:21"}
{"val_loss": 2.530653665161133, "loss": 2.5929169887542725, "epoch": 32, "time": "01:57:22"}
{"val_loss": 2.6157259872436525, "loss": 2.6534458194732666, "epoch": 33, "time": "01:57:22"}
{"val_loss": 2.7421359909057617, "loss": 2.650111996269226, "epoch": 34, "time": "01:57:23"}
{"val_loss": 2.638524723815918, "loss": 2.597676292292277, "epoch": 35, "time": "01:57:24"}
{"val_loss": 2.5703100479125975, "loss": 2.6492897322336835, "epoch": 36, "time": "01:57:25"}
{"val_loss": 2.789226767730713, "loss": 2.716280138206482, "epoch": 37, "time": "01:57:25"}
{"val_loss": 2.4713872451782226, "loss": 2.5851688968022666, "epoch": 38, "time": "01:57:26"}
{"val_loss": 2.5086006698608396, "loss": 2.5892251598358156, "epoch": 39, "time": "01:57:27"}
{"val_loss": 2.8148650596618654, "loss": 2.6144251092274984, "epoch": 40, "time": "01:57:28"}
{"val_loss": 2.553147597503662, "loss": 2.6272455936431887, "epoch": 41, "time": "01:57:29"}
{"val_loss": 2.7168828842163086, "loss": 2.726566259129842, "epoch": 42, "time": "01:57:29"}
{"val_loss": 2.465604051208496, "loss": 2.5456249938964843, "epoch": 43, "time": "01:57:30"}
{"val_loss": 2.566382083129883, "loss": 2.5999645579020183, "epoch": 44, "time": "01:57:31"}
{"val_loss": 2.5874265213012695, "loss": 2.547795786921183, "epoch": 45, "time": "01:57:32"}
{"val_loss": 2.764772705078125, "loss": 2.614046374638875, "epoch": 46, "time": "01:57:32"}
{"val_loss": 2.5019379806518556, "loss": 2.5959804052988686, "epoch": 47, "time": "01:57:33"}
{"val_loss": 2.7104030654907225, "loss": 2.653159741338094, "epoch": 48, "time": "01:57:34"}
{"val_loss": 2.582896657562256, "loss": 2.6137080432891846, "epoch": 49, "time": "01:57:35"}
