{"val_loss": 9.659981091308595, "loss": 10.069591333516438, "epoch": 0, "time": "00:55:39"}
{"val_loss": 9.91302899169922, "loss": 9.78892663116455, "epoch": 1, "time": "00:55:40"}
{"val_loss": 9.656902429199219, "loss": 9.776951460266114, "epoch": 2, "time": "00:55:41"}
{"val_loss": 7.52136548614502, "loss": 9.694773120880127, "epoch": 3, "time": "00:55:41"}
{"val_loss": 7.166657215881347, "loss": 7.440417586517334, "epoch": 4, "time": "00:55:42"}
{"val_loss": 7.289000695800781, "loss": 7.144787208557129, "epoch": 5, "time": "00:55:43"}
{"val_loss": 7.048839801025391, "loss": 7.107386240386963, "epoch": 6, "time": "00:55:44"}
{"val_loss": 7.22396460647583, "loss": 7.083384026845296, "epoch": 7, "time": "00:55:45"}
{"val_loss": 6.8037580947875975, "loss": 7.018581202189128, "epoch": 8, "time": "00:55:45"}
{"val_loss": 6.801479756164551, "loss": 6.9345379686991375, "epoch": 9, "time": "00:55:46"}
{"val_loss": 6.8805968444824215, "loss": 6.965955549367269, "epoch": 10, "time": "00:55:47"}
{"val_loss": 6.753833148956299, "loss": 6.965220422363282, "epoch": 11, "time": "00:55:48"}
{"val_loss": 6.8780120002746585, "loss": 6.904204030354817, "epoch": 12, "time": "00:55:48"}
{"val_loss": 6.999445570373535, "loss": 6.903718840281169, "epoch": 13, "time": "00:55:49"}
{"val_loss": 6.738056086730957, "loss": 7.047320860799154, "epoch": 14, "time": "00:55:50"}
{"val_loss": 6.676127576446533, "loss": 6.836592465464274, "epoch": 15, "time": "00:55:51"}
{"val_loss": 6.7712185615539555, "loss": 6.767794984181722, "epoch": 16, "time": "00:55:51"}
{"val_loss": 6.731672102355957, "loss": 6.8247782997131345, "epoch": 17, "time": "00:55:52"}
{"val_loss": 6.716686659240723, "loss": 6.827277915700277, "epoch": 18, "time": "00:55:53"}
{"val_loss": 6.705919092559815, "loss": 6.846054229482015, "epoch": 19, "time": "00:55:54"}
{"val_loss": 6.733459687805175, "loss": 6.852155679321289, "epoch": 20, "time": "00:55:55"}
{"val_loss": 5.483173238372803, "loss": 6.4754338022867834, "epoch": 21, "time": "00:55:55"}
{"val_loss": 5.363193468475342, "loss": 5.54759518661499, "epoch": 22, "time": "00:55:56"}
{"val_loss": 5.411135921478271, "loss": 5.490949720509847, "epoch": 23, "time": "00:55:57"}
{"val_loss": 5.238503832244873, "loss": 5.448440836842855, "epoch": 24, "time": "00:55:58"}
{"val_loss": 5.478498991394043, "loss": 5.372477741241455, "epoch": 25, "time": "00:55:58"}
{"val_loss": 5.173972914886475, "loss": 5.436554490407308, "epoch": 26, "time": "00:55:59"}
{"val_loss": 5.1609404747009275, "loss": 5.3141044339497885, "epoch": 27, "time": "00:56:00"}
{"val_loss": 5.298537529754639, "loss": 5.294071021779378, "epoch": 28, "time": "00:56:01"}
{"val_loss": 5.218966103363037, "loss": 5.370061521402995, "epoch": 29, "time": "00:56:01"}
{"val_loss": 5.194899843597412, "loss": 5.266928255208334, "epoch": 30, "time": "00:56:02"}
{"val_loss": 5.242702935028076, "loss": 5.268120207977295, "epoch": 31, "time": "00:56:03"}
{"val_loss": 5.2341247673034665, "loss": 5.32953773727417, "epoch": 32, "time": "00:56:04"}
{"val_loss": 5.18112855758667, "loss": 5.291672737248739, "epoch": 33, "time": "00:56:04"}
{"val_loss": 5.176315554046631, "loss": 5.390494178009034, "epoch": 34, "time": "00:56:05"}
{"val_loss": 5.138966429901123, "loss": 5.294251316070556, "epoch": 35, "time": "00:56:06"}
{"val_loss": 5.260772615814209, "loss": 5.263077104949951, "epoch": 36, "time": "00:56:07"}
{"val_loss": 5.258191755676269, "loss": 5.317114641571045, "epoch": 37, "time": "00:56:08"}
{"val_loss": 5.372990734100342, "loss": 5.3718006065368655, "epoch": 38, "time": "00:56:08"}
{"val_loss": 5.154595543670654, "loss": 5.334426732126872, "epoch": 39, "time": "00:56:09"}
{"val_loss": 5.273223079681396, "loss": 5.3049975229899085, "epoch": 40, "time": "00:56:10"}
{"val_loss": 5.321802727508545, "loss": 5.388137543487549, "epoch": 41, "time": "00:56:11"}
{"val_loss": 5.146385668182373, "loss": 5.340257809702555, "epoch": 42, "time": "00:56:11"}
{"val_loss": 5.387648421478271, "loss": 5.279823812611898, "epoch": 43, "time": "00:56:12"}
{"val_loss": 5.178246376800537, "loss": 5.388871724955241, "epoch": 44, "time": "00:56:13"}
{"val_loss": 5.149096733856201, "loss": 5.2767703826904295, "epoch": 45, "time": "00:56:14"}
{"val_loss": 5.0850728904724125, "loss": 5.289180369567871, "epoch": 46, "time": "00:56:14"}
{"val_loss": 5.154887929534912, "loss": 5.265868501027425, "epoch": 47, "time": "00:56:15"}
{"val_loss": 5.1900275016784665, "loss": 5.242084437561036, "epoch": 48, "time": "00:56:16"}
{"val_loss": 5.219536684417725, "loss": 5.2461524640401205, "epoch": 49, "time": "00:56:17"}
