{"val_loss": 8.727025268554687, "loss": 9.41677921295166, "epoch": 0, "time": "18:48:14"}
{"val_loss": 8.01186915283203, "loss": 8.323631203460693, "epoch": 1, "time": "18:48:15"}
{"val_loss": 7.730745208740235, "loss": 7.810714901479085, "epoch": 2, "time": "18:48:16"}
{"val_loss": 7.522519251251221, "loss": 7.6049235140482585, "epoch": 3, "time": "18:48:17"}
{"val_loss": 7.497875250244141, "loss": 7.602340937550863, "epoch": 4, "time": "18:48:17"}
{"val_loss": 7.551045147705078, "loss": 7.59465282313029, "epoch": 5, "time": "18:48:18"}
{"val_loss": 7.585346319580078, "loss": 7.55986846669515, "epoch": 6, "time": "18:48:19"}
{"val_loss": 7.46890532913208, "loss": 7.642097908528646, "epoch": 7, "time": "18:48:20"}
{"val_loss": 7.5951279907226565, "loss": 7.538476891581217, "epoch": 8, "time": "18:48:20"}
{"val_loss": 7.39148228225708, "loss": 7.541257664998373, "epoch": 9, "time": "18:48:21"}
{"val_loss": 7.579746363067627, "loss": 7.585196176147461, "epoch": 10, "time": "18:48:22"}
{"val_loss": 7.421809607696534, "loss": 7.532297257486979, "epoch": 11, "time": "18:48:22"}
{"val_loss": 7.561094898223877, "loss": 7.566663902537028, "epoch": 12, "time": "18:48:23"}
{"val_loss": 7.805500170898437, "loss": 7.588510331217448, "epoch": 13, "time": "18:48:24"}
{"val_loss": 7.453666175079346, "loss": 7.608688686116537, "epoch": 14, "time": "18:48:25"}
{"val_loss": 7.452045056915283, "loss": 7.496790090942383, "epoch": 15, "time": "18:48:25"}
{"val_loss": 7.936786175537109, "loss": 7.502599363708496, "epoch": 16, "time": "18:48:26"}
{"val_loss": 7.341460950469971, "loss": 7.688709228769938, "epoch": 17, "time": "18:48:27"}
{"val_loss": 7.711454663085937, "loss": 7.61170386352539, "epoch": 18, "time": "18:48:28"}
{"val_loss": 7.373834424591064, "loss": 7.494812178293864, "epoch": 19, "time": "18:48:28"}
{"val_loss": 7.297566248321533, "loss": 7.41627510655721, "epoch": 20, "time": "18:48:29"}
{"val_loss": 7.401303266143799, "loss": 7.484172509002685, "epoch": 21, "time": "18:48:30"}
{"val_loss": 7.366167450714111, "loss": 7.60823643468221, "epoch": 22, "time": "18:48:30"}
{"val_loss": 7.857965545654297, "loss": 7.474392756907145, "epoch": 23, "time": "18:48:31"}
{"val_loss": 7.335824237823486, "loss": 7.456027602640788, "epoch": 24, "time": "18:48:32"}
{"val_loss": 7.559295423126221, "loss": 7.584848514556885, "epoch": 25, "time": "18:48:32"}
{"val_loss": 7.633427869415283, "loss": 7.560965697224935, "epoch": 26, "time": "18:48:33"}
{"val_loss": 7.786609204101563, "loss": 7.607324237569173, "epoch": 27, "time": "18:48:34"}
{"val_loss": 7.39313550491333, "loss": 7.467773039499918, "epoch": 28, "time": "18:48:35"}
{"val_loss": 7.401360047149658, "loss": 7.466181391652425, "epoch": 29, "time": "18:48:35"}
{"val_loss": 7.512541498565674, "loss": 7.385068996429443, "epoch": 30, "time": "18:48:36"}
{"val_loss": 7.42044761428833, "loss": 7.473017787424723, "epoch": 31, "time": "18:48:37"}
{"val_loss": 7.381344379425049, "loss": 7.469270412445068, "epoch": 32, "time": "18:48:37"}
{"val_loss": 7.386919702911377, "loss": 7.461405182902018, "epoch": 33, "time": "18:48:38"}
{"val_loss": 7.364505841827393, "loss": 7.3635344924926756, "epoch": 34, "time": "18:48:39"}
{"val_loss": 7.451416681671143, "loss": 7.527148931376139, "epoch": 35, "time": "18:48:39"}
{"val_loss": 7.410697693634034, "loss": 7.456369797007243, "epoch": 36, "time": "18:48:40"}
{"val_loss": 7.399472882843018, "loss": 7.401593390909831, "epoch": 37, "time": "18:48:41"}
{"val_loss": 7.27404507522583, "loss": 7.355223154703776, "epoch": 38, "time": "18:48:42"}
{"val_loss": 7.376266193389893, "loss": 7.463473066202799, "epoch": 39, "time": "18:48:42"}
{"val_loss": 7.520222852325439, "loss": 7.473617334747314, "epoch": 40, "time": "18:48:43"}
{"val_loss": 7.317600653839111, "loss": 7.504133227539063, "epoch": 41, "time": "18:48:44"}
{"val_loss": 7.390445947265625, "loss": 7.434861522165934, "epoch": 42, "time": "18:48:44"}
{"val_loss": 7.484855481719971, "loss": 7.444602784220377, "epoch": 43, "time": "18:48:45"}
{"val_loss": 7.512224829864502, "loss": 7.4728047533671065, "epoch": 44, "time": "18:48:46"}
{"val_loss": 7.361152222442627, "loss": 7.432859967803955, "epoch": 45, "time": "18:48:46"}
{"val_loss": 7.5239297302246095, "loss": 7.455459188588461, "epoch": 46, "time": "18:48:47"}
{"val_loss": 7.366575189971924, "loss": 7.430430692799886, "epoch": 47, "time": "18:48:48"}
{"val_loss": 7.322036267852783, "loss": 7.416075181325277, "epoch": 48, "time": "18:48:49"}
{"val_loss": 7.586246027374267, "loss": 7.447523714955648, "epoch": 49, "time": "18:48:49"}
