{"val_loss": 4.06712437286377, "loss": 5.007850178146362, "epoch": 0, "time": "00:24:59"}
{"val_loss": 1.9165969066619872, "loss": 3.6239815381368, "epoch": 1, "time": "00:25:00"}
{"val_loss": 1.0738288922287524, "loss": 1.4050064341545105, "epoch": 2, "time": "00:25:01"}
{"val_loss": 1.1326073194503785, "loss": 1.116893461004893, "epoch": 3, "time": "00:25:01"}
{"val_loss": 1.1314619436472655, "loss": 1.0190917079925537, "epoch": 4, "time": "00:25:02"}
{"val_loss": 0.9212319469443523, "loss": 0.9600793546676636, "epoch": 5, "time": "00:25:03"}
{"val_loss": 0.9199410841207034, "loss": 0.9203332536856333, "epoch": 6, "time": "00:25:04"}
{"val_loss": 0.8942397390365601, "loss": 0.907075564344724, "epoch": 7, "time": "00:25:04"}
{"val_loss": 0.9088685460448267, "loss": 0.8676934885025025, "epoch": 8, "time": "00:25:05"}
{"val_loss": 0.82299296875, "loss": 0.8559187843889035, "epoch": 9, "time": "00:25:06"}
{"val_loss": 1.0353322931289672, "loss": 0.8564876321653525, "epoch": 10, "time": "00:25:07"}
{"val_loss": 0.8573332782749697, "loss": 0.8281286190137267, "epoch": 11, "time": "00:25:07"}
{"val_loss": 0.7819504951000216, "loss": 0.788443309211731, "epoch": 12, "time": "00:25:08"}
{"val_loss": 0.8904511999540031, "loss": 0.803150493144989, "epoch": 13, "time": "00:25:09"}
{"val_loss": 0.9129310640209587, "loss": 0.7892311043818792, "epoch": 14, "time": "00:25:10"}
{"val_loss": 0.8419593966196611, "loss": 0.7584482767740885, "epoch": 15, "time": "00:25:10"}
{"val_loss": 0.8562811742186547, "loss": 0.7963032690048217, "epoch": 16, "time": "00:25:11"}
{"val_loss": 0.758297330206944, "loss": 0.7770345652580262, "epoch": 17, "time": "00:25:12"}
{"val_loss": 0.9052021739959717, "loss": 0.7712609453794856, "epoch": 18, "time": "00:25:13"}
{"val_loss": 0.8712168454289436, "loss": 0.7823475561141968, "epoch": 19, "time": "00:25:13"}
{"val_loss": 0.8655705303192138, "loss": 0.7931345580101014, "epoch": 20, "time": "00:25:14"}
{"val_loss": 0.8243889255251735, "loss": 0.7574109156572789, "epoch": 21, "time": "00:25:15"}
{"val_loss": 0.6631503444887726, "loss": 0.7459149671971798, "epoch": 22, "time": "00:25:16"}
{"val_loss": 0.8405604804992676, "loss": 0.7307514092763265, "epoch": 23, "time": "00:25:16"}
{"val_loss": 0.7877872071385431, "loss": 0.7561363571802775, "epoch": 24, "time": "00:25:17"}
{"val_loss": 0.7173001770377159, "loss": 0.750188349095732, "epoch": 25, "time": "00:25:18"}
{"val_loss": 0.778394148486352, "loss": 0.7457736339569092, "epoch": 26, "time": "00:25:19"}
{"val_loss": 1.0036535018015653, "loss": 0.7388799519836903, "epoch": 27, "time": "00:25:19"}
{"val_loss": 0.7864651731193786, "loss": 0.739755353864034, "epoch": 28, "time": "00:25:20"}
{"val_loss": 0.867852592086792, "loss": 0.6976380408505599, "epoch": 29, "time": "00:25:21"}
{"val_loss": 0.98557488062419, "loss": 0.721923913585806, "epoch": 30, "time": "00:25:22"}
{"val_loss": 0.7306755642592907, "loss": 0.7442067898859627, "epoch": 31, "time": "00:25:22"}
{"val_loss": 0.7533315538406372, "loss": 0.7399251342142467, "epoch": 32, "time": "00:25:23"}
{"val_loss": 0.8255071735903621, "loss": 0.7747605346861955, "epoch": 33, "time": "00:25:24"}
{"val_loss": 0.7532475552897551, "loss": 0.7131642568707466, "epoch": 34, "time": "00:25:25"}
{"val_loss": 0.7293210418701171, "loss": 0.7006417401313781, "epoch": 35, "time": "00:25:25"}
{"val_loss": 0.8425449994653552, "loss": 0.6831214958747228, "epoch": 36, "time": "00:25:26"}
{"val_loss": 0.7527504289627075, "loss": 0.6711199028025072, "epoch": 37, "time": "00:25:27"}
{"val_loss": 0.7114604629635811, "loss": 0.7098434887886047, "epoch": 38, "time": "00:25:28"}
{"val_loss": 0.7262290349960328, "loss": 0.7065200651248296, "epoch": 39, "time": "00:25:29"}
{"val_loss": 0.7691733949661255, "loss": 0.6992060078938802, "epoch": 40, "time": "00:25:30"}
{"val_loss": 0.8873938032031062, "loss": 0.7125303706323107, "epoch": 41, "time": "00:25:31"}
{"val_loss": 0.6479370388031006, "loss": 0.6569266598924451, "epoch": 42, "time": "00:25:31"}
{"val_loss": 0.760499563217163, "loss": 0.6795810483773549, "epoch": 43, "time": "00:25:32"}
{"val_loss": 0.7889780970914755, "loss": 0.6966746038118998, "epoch": 44, "time": "00:25:33"}
{"val_loss": 0.7439971939086915, "loss": 0.6877510561477613, "epoch": 45, "time": "00:25:34"}
{"val_loss": 0.7384196830943227, "loss": 0.6559410911242167, "epoch": 46, "time": "00:25:35"}
{"val_loss": 0.8535380645751953, "loss": 0.6656350881525637, "epoch": 47, "time": "00:25:36"}
{"val_loss": 0.6872431704882714, "loss": 0.6807302188356718, "epoch": 48, "time": "00:25:36"}
{"val_loss": 0.6952880765617221, "loss": 0.658661158157391, "epoch": 49, "time": "00:25:37"}
