{"val_loss": 12.916620962524414, "loss": 12.946832865905762, "epoch": 0, "time": "23:23:43"}
{"val_loss": 11.929945524597168, "loss": 12.868673492940268, "epoch": 1, "time": "23:23:44"}
{"val_loss": 11.526079118347168, "loss": 11.671195290120442, "epoch": 2, "time": "23:23:45"}
{"val_loss": 11.371074760437011, "loss": 11.586038280741374, "epoch": 3, "time": "23:23:46"}
{"val_loss": 11.362472758483888, "loss": 11.534032081604003, "epoch": 4, "time": "23:23:46"}
{"val_loss": 11.402066569519043, "loss": 11.445220274353026, "epoch": 5, "time": "23:23:47"}
{"val_loss": 11.233859440612793, "loss": 11.546732056172688, "epoch": 6, "time": "23:23:48"}
{"val_loss": 8.961033142852783, "loss": 10.739418096415202, "epoch": 7, "time": "23:23:49"}
{"val_loss": 8.717846411132813, "loss": 9.027103623962402, "epoch": 8, "time": "23:23:49"}
{"val_loss": 8.905810919189452, "loss": 8.9977166402181, "epoch": 9, "time": "23:23:50"}
{"val_loss": 8.637829462432862, "loss": 8.801188236490885, "epoch": 10, "time": "23:23:51"}
{"val_loss": 8.555457514190675, "loss": 8.766222808329264, "epoch": 11, "time": "23:23:52"}
{"val_loss": 8.796682055664062, "loss": 8.717584553527832, "epoch": 12, "time": "23:23:52"}
{"val_loss": 8.950740283203125, "loss": 8.765569921366374, "epoch": 13, "time": "23:23:53"}
{"val_loss": 8.789961840820313, "loss": 8.706846800231933, "epoch": 14, "time": "23:23:54"}
{"val_loss": 8.537437548828125, "loss": 8.65437395401001, "epoch": 15, "time": "23:23:55"}
{"val_loss": 8.501650708007812, "loss": 8.647563230895996, "epoch": 16, "time": "23:23:55"}
{"val_loss": 8.60705599975586, "loss": 8.619740513102213, "epoch": 17, "time": "23:23:56"}
{"val_loss": 8.626015063476563, "loss": 8.69094839223226, "epoch": 18, "time": "23:23:57"}
{"val_loss": 8.803377020263673, "loss": 8.691037407938639, "epoch": 19, "time": "23:23:58"}
{"val_loss": 8.42426231765747, "loss": 8.6443206934611, "epoch": 20, "time": "23:23:58"}
{"val_loss": 8.453270862579346, "loss": 8.523971335347493, "epoch": 21, "time": "23:23:59"}
{"val_loss": 8.571121222686768, "loss": 8.51483828048706, "epoch": 22, "time": "23:24:00"}
{"val_loss": 8.576233618164062, "loss": 8.63792474009196, "epoch": 23, "time": "23:24:00"}
{"val_loss": 8.68062265701294, "loss": 8.820573190307616, "epoch": 24, "time": "23:24:01"}
{"val_loss": 8.524165857696532, "loss": 8.678078434244792, "epoch": 25, "time": "23:24:02"}
{"val_loss": 8.476975628662109, "loss": 8.727937127685546, "epoch": 26, "time": "23:24:03"}
{"val_loss": 8.56477748413086, "loss": 8.572743566385904, "epoch": 27, "time": "23:24:03"}
{"val_loss": 8.526472967529298, "loss": 8.635630078633627, "epoch": 28, "time": "23:24:04"}
{"val_loss": 8.533003302764893, "loss": 8.58767912012736, "epoch": 29, "time": "23:24:05"}
{"val_loss": 8.505806146240234, "loss": 8.608600876871744, "epoch": 30, "time": "23:24:06"}
{"val_loss": 8.422368670654297, "loss": 8.583735739644368, "epoch": 31, "time": "23:24:06"}
{"val_loss": 8.490253607177735, "loss": 8.540459253692626, "epoch": 32, "time": "23:24:07"}
{"val_loss": 8.492624872589111, "loss": 8.557191502380372, "epoch": 33, "time": "23:24:08"}
{"val_loss": 8.421705445098876, "loss": 8.63712597808838, "epoch": 34, "time": "23:24:09"}
{"val_loss": 8.41203437576294, "loss": 8.512345985921224, "epoch": 35, "time": "23:24:09"}
{"val_loss": 8.469602856445313, "loss": 8.520113862101237, "epoch": 36, "time": "23:24:10"}
{"val_loss": 8.437861322784423, "loss": 8.64805848642985, "epoch": 37, "time": "23:24:11"}
{"val_loss": 8.475161267852783, "loss": 8.494137244923909, "epoch": 38, "time": "23:24:11"}
{"val_loss": 8.461964093780518, "loss": 8.562024708557129, "epoch": 39, "time": "23:24:12"}
{"val_loss": 8.43360704421997, "loss": 8.522000970458985, "epoch": 40, "time": "23:24:13"}
{"val_loss": 8.503778162384034, "loss": 8.540071709187826, "epoch": 41, "time": "23:24:14"}
{"val_loss": 8.693672991943359, "loss": 8.634628665161133, "epoch": 42, "time": "23:24:14"}
{"val_loss": 9.19009990234375, "loss": 8.571624596659342, "epoch": 43, "time": "23:24:15"}
{"val_loss": 8.444858991241455, "loss": 8.745663584899903, "epoch": 44, "time": "23:24:16"}
{"val_loss": 8.652910803222657, "loss": 8.522596119944254, "epoch": 45, "time": "23:24:17"}
{"val_loss": 8.43178628616333, "loss": 8.546940358734131, "epoch": 46, "time": "23:24:17"}
{"val_loss": 8.448511194610596, "loss": 8.508122185262044, "epoch": 47, "time": "23:24:18"}
{"val_loss": 8.437246363067628, "loss": 8.585843405659993, "epoch": 48, "time": "23:24:19"}
{"val_loss": 8.459618006134033, "loss": 8.506919327290852, "epoch": 49, "time": "23:24:19"}
