{"val_loss": 6.727462702178955, "loss": 7.829518922170004, "epoch": 0, "time": "03:28:56"}
{"val_loss": 6.1410592178344725, "loss": 6.304364701080322, "epoch": 1, "time": "03:28:57"}
{"val_loss": 6.040430805969239, "loss": 6.106225334421794, "epoch": 2, "time": "03:28:58"}
{"val_loss": 6.002664411926269, "loss": 6.034227698644003, "epoch": 3, "time": "03:28:59"}
{"val_loss": 5.993051918029785, "loss": 6.037234815470377, "epoch": 4, "time": "03:29:00"}
{"val_loss": 6.123275550079346, "loss": 6.026419757843017, "epoch": 5, "time": "03:29:00"}
{"val_loss": 5.828613081359864, "loss": 5.967812001291911, "epoch": 6, "time": "03:29:01"}
{"val_loss": 5.790770948791504, "loss": 5.934524139149984, "epoch": 7, "time": "03:29:02"}
{"val_loss": 5.884319276428223, "loss": 6.011239540354411, "epoch": 8, "time": "03:29:03"}
{"val_loss": 5.845581342315674, "loss": 5.928331425221761, "epoch": 9, "time": "03:29:04"}
{"val_loss": 5.929983088684082, "loss": 5.955432288869222, "epoch": 10, "time": "03:29:05"}
{"val_loss": 6.0845213150024415, "loss": 5.900871542612712, "epoch": 11, "time": "03:29:05"}
{"val_loss": 6.06321319732666, "loss": 5.94559370320638, "epoch": 12, "time": "03:29:06"}
{"val_loss": 5.822434675598145, "loss": 5.904053355153402, "epoch": 13, "time": "03:29:07"}
{"val_loss": 5.743416780090332, "loss": 5.965698494974772, "epoch": 14, "time": "03:29:08"}
{"val_loss": 5.833878089904785, "loss": 5.986685656738281, "epoch": 15, "time": "03:29:09"}
{"val_loss": 6.145756262969971, "loss": 5.973365966542562, "epoch": 16, "time": "03:29:09"}
{"val_loss": 5.9215929824829105, "loss": 5.920245017751058, "epoch": 17, "time": "03:29:10"}
{"val_loss": 5.788210524749756, "loss": 5.855224116770427, "epoch": 18, "time": "03:29:11"}
{"val_loss": 5.9235799095153805, "loss": 5.784035272725423, "epoch": 19, "time": "03:29:12"}
{"val_loss": 5.762059101867676, "loss": 5.910887579345703, "epoch": 20, "time": "03:29:13"}
{"val_loss": 5.762567456817627, "loss": 5.844691552480062, "epoch": 21, "time": "03:29:13"}
{"val_loss": 5.806525563812256, "loss": 5.888658076985677, "epoch": 22, "time": "03:29:14"}
{"val_loss": 5.884183424377442, "loss": 5.800851287841797, "epoch": 23, "time": "03:29:15"}
{"val_loss": 5.78728327255249, "loss": 5.904749357350667, "epoch": 24, "time": "03:29:16"}
{"val_loss": 5.811232405090332, "loss": 5.8252520459493, "epoch": 25, "time": "03:29:17"}
{"val_loss": 5.899353419494629, "loss": 5.882668567657471, "epoch": 26, "time": "03:29:18"}
{"val_loss": 5.749923964691162, "loss": 5.919093563079834, "epoch": 27, "time": "03:29:18"}
{"val_loss": 5.763046211242676, "loss": 5.936821441396077, "epoch": 28, "time": "03:29:19"}
{"val_loss": 5.788259920501709, "loss": 5.7952274803161625, "epoch": 29, "time": "03:29:20"}
{"val_loss": 5.8205351028442385, "loss": 5.829631298573812, "epoch": 30, "time": "03:29:21"}
{"val_loss": 5.801794282531739, "loss": 5.852497969309489, "epoch": 31, "time": "03:29:22"}
{"val_loss": 5.749625929260254, "loss": 5.8440545946757, "epoch": 32, "time": "03:29:22"}
{"val_loss": 6.023262721252442, "loss": 5.844061815388997, "epoch": 33, "time": "03:29:23"}
{"val_loss": 5.977023182678223, "loss": 5.815783996836345, "epoch": 34, "time": "03:29:24"}
{"val_loss": 5.690265852355957, "loss": 5.793105297342936, "epoch": 35, "time": "03:29:25"}
{"val_loss": 5.829421150207519, "loss": 5.916889073435465, "epoch": 36, "time": "03:29:26"}
{"val_loss": 5.829284675598145, "loss": 5.772029262542724, "epoch": 37, "time": "03:29:26"}
{"val_loss": 5.873647413635254, "loss": 5.916637532806397, "epoch": 38, "time": "03:29:27"}
{"val_loss": 5.790079628753662, "loss": 5.844567929204305, "epoch": 39, "time": "03:29:28"}
{"val_loss": 5.8512793647766115, "loss": 5.871373039499918, "epoch": 40, "time": "03:29:29"}
{"val_loss": 5.842302967834472, "loss": 5.944272319539388, "epoch": 41, "time": "03:29:30"}
{"val_loss": 5.730540803527832, "loss": 5.883949974060059, "epoch": 42, "time": "03:29:31"}
{"val_loss": 5.717346022033691, "loss": 5.820326031748454, "epoch": 43, "time": "03:29:31"}
{"val_loss": 5.796485597991944, "loss": 5.7930724179585775, "epoch": 44, "time": "03:29:32"}
{"val_loss": 5.777076418304444, "loss": 5.797544982147217, "epoch": 45, "time": "03:29:33"}
{"val_loss": 5.861995331573486, "loss": 5.907248236338297, "epoch": 46, "time": "03:29:34"}
{"val_loss": 5.78009175567627, "loss": 5.916484331258138, "epoch": 47, "time": "03:29:35"}
{"val_loss": 5.697766310119629, "loss": 5.792681670888265, "epoch": 48, "time": "03:29:36"}
{"val_loss": 5.892027449035645, "loss": 5.889101634979248, "epoch": 49, "time": "03:29:36"}
