{"val_loss": 9.506120233154297, "loss": 10.065158610534668, "epoch": 0, "time": "23:54:21"}
{"val_loss": 9.131852032470704, "loss": 9.365710331726074, "epoch": 1, "time": "23:54:22"}
{"val_loss": 8.961836126708985, "loss": 9.161693417867024, "epoch": 2, "time": "23:54:22"}
{"val_loss": 9.228976593017578, "loss": 9.23327705485026, "epoch": 3, "time": "23:54:23"}
{"val_loss": 8.991703393554687, "loss": 9.052336104838053, "epoch": 4, "time": "23:54:24"}
{"val_loss": 9.57551127319336, "loss": 9.12183171641032, "epoch": 5, "time": "23:54:25"}
{"val_loss": 9.293999945068359, "loss": 9.21956959177653, "epoch": 6, "time": "23:54:25"}
{"val_loss": 9.094832647705077, "loss": 9.246433549499512, "epoch": 7, "time": "23:54:26"}
{"val_loss": 9.340781842041016, "loss": 9.09174914855957, "epoch": 8, "time": "23:54:27"}
{"val_loss": 8.933626306152343, "loss": 9.120282310994465, "epoch": 9, "time": "23:54:28"}
{"val_loss": 9.029094061279297, "loss": 9.302707732137044, "epoch": 10, "time": "23:54:29"}
{"val_loss": 9.0944814453125, "loss": 9.049311855061848, "epoch": 11, "time": "23:54:29"}
{"val_loss": 8.082368910217285, "loss": 8.80011801147461, "epoch": 12, "time": "23:54:30"}
{"val_loss": 8.090699560546875, "loss": 8.20717992070516, "epoch": 13, "time": "23:54:31"}
{"val_loss": 7.660151325988769, "loss": 8.089883118947347, "epoch": 14, "time": "23:54:32"}
{"val_loss": 7.785488594055176, "loss": 7.915215502421061, "epoch": 15, "time": "23:54:32"}
{"val_loss": 7.827938502502441, "loss": 7.841930711110433, "epoch": 16, "time": "23:54:33"}
{"val_loss": 7.792258155822754, "loss": 7.814843697102865, "epoch": 17, "time": "23:54:34"}
{"val_loss": 7.973064429473877, "loss": 7.895805323791504, "epoch": 18, "time": "23:54:35"}
{"val_loss": 7.772597156524658, "loss": 7.639581402079265, "epoch": 19, "time": "23:54:35"}
{"val_loss": 7.638816479492188, "loss": 7.840510228474935, "epoch": 20, "time": "23:54:36"}
{"val_loss": 7.677941748809815, "loss": 7.75661344909668, "epoch": 21, "time": "23:54:37"}
{"val_loss": 7.557271222686768, "loss": 7.682260013326009, "epoch": 22, "time": "23:54:38"}
{"val_loss": 7.6584979507446285, "loss": 7.683397933197021, "epoch": 23, "time": "23:54:38"}
{"val_loss": 7.99081763381958, "loss": 7.804780188751221, "epoch": 24, "time": "23:54:39"}
{"val_loss": 7.830769697570801, "loss": 7.729611206054687, "epoch": 25, "time": "23:54:40"}
{"val_loss": 7.696211018371582, "loss": 7.576772475941976, "epoch": 26, "time": "23:54:41"}
{"val_loss": 7.588449452209472, "loss": 7.72840211613973, "epoch": 27, "time": "23:54:41"}
{"val_loss": 7.710882106018066, "loss": 7.64843157043457, "epoch": 28, "time": "23:54:42"}
{"val_loss": 7.796025019073486, "loss": 7.724392991638184, "epoch": 29, "time": "23:54:43"}
{"val_loss": 7.868886408996582, "loss": 7.7965145022074385, "epoch": 30, "time": "23:54:44"}
{"val_loss": 7.724609590148925, "loss": 7.874794506835937, "epoch": 31, "time": "23:54:44"}
{"val_loss": 7.922166133117676, "loss": 7.745455151875814, "epoch": 32, "time": "23:54:45"}
{"val_loss": 7.624349458312988, "loss": 7.686001415506999, "epoch": 33, "time": "23:54:46"}
{"val_loss": 7.778852490234375, "loss": 7.966245086161296, "epoch": 34, "time": "23:54:46"}
{"val_loss": 7.8484500190734865, "loss": 7.8515797698974605, "epoch": 35, "time": "23:54:47"}
{"val_loss": 7.558808766174316, "loss": 7.710245630645752, "epoch": 36, "time": "23:54:48"}
{"val_loss": 7.679687660217285, "loss": 7.718271303049724, "epoch": 37, "time": "23:54:49"}
{"val_loss": 7.846098107910156, "loss": 7.711055094909668, "epoch": 38, "time": "23:54:49"}
{"val_loss": 7.6341646301269535, "loss": 7.69234044265747, "epoch": 39, "time": "23:54:50"}
{"val_loss": 7.6077272277832035, "loss": 7.631974481455485, "epoch": 40, "time": "23:54:51"}
{"val_loss": 7.507809052276611, "loss": 7.596044206746419, "epoch": 41, "time": "23:54:52"}
{"val_loss": 7.518806593322754, "loss": 7.682841739654541, "epoch": 42, "time": "23:54:52"}
{"val_loss": 7.495766944885254, "loss": 7.53177229868571, "epoch": 43, "time": "23:54:53"}
{"val_loss": 7.590956428527832, "loss": 7.6849657162984215, "epoch": 44, "time": "23:54:54"}
{"val_loss": 7.823312017822266, "loss": 7.74554011739095, "epoch": 45, "time": "23:54:55"}
{"val_loss": 7.845425457763672, "loss": 7.799976135762533, "epoch": 46, "time": "23:54:55"}
{"val_loss": 7.418110536193848, "loss": 7.653118051147461, "epoch": 47, "time": "23:54:56"}
{"val_loss": 7.712637488555909, "loss": 7.571759939066569, "epoch": 48, "time": "23:54:57"}
{"val_loss": 7.4249114997863765, "loss": 7.511870748901367, "epoch": 49, "time": "23:54:58"}
