{"val_loss": 6.867259706115723, "loss": 8.475759748586018, "epoch": 0, "time": "19:18:50"}
{"val_loss": 7.293653876495362, "loss": 6.628083806355794, "epoch": 1, "time": "19:18:51"}
{"val_loss": 6.1749101150512695, "loss": 6.36384158299764, "epoch": 2, "time": "19:18:52"}
{"val_loss": 6.171716345977783, "loss": 6.39979220606486, "epoch": 3, "time": "19:18:53"}
{"val_loss": 6.3810491889953616, "loss": 6.2738477307637535, "epoch": 4, "time": "19:18:53"}
{"val_loss": 6.246108644104004, "loss": 6.335467857106527, "epoch": 5, "time": "19:18:54"}
{"val_loss": 6.0305877204895015, "loss": 6.264122204844157, "epoch": 6, "time": "19:18:55"}
{"val_loss": 6.264522974395752, "loss": 6.203613244883219, "epoch": 7, "time": "19:18:56"}
{"val_loss": 6.1457388252258305, "loss": 6.234796681722005, "epoch": 8, "time": "19:18:56"}
{"val_loss": 6.31094474029541, "loss": 6.2816687705993655, "epoch": 9, "time": "19:18:57"}
{"val_loss": 5.991626747894287, "loss": 6.234185647328695, "epoch": 10, "time": "19:18:58"}
{"val_loss": 6.073389393615723, "loss": 6.158284093983968, "epoch": 11, "time": "19:18:58"}
{"val_loss": 6.445152924346924, "loss": 6.282668424479167, "epoch": 12, "time": "19:18:59"}
{"val_loss": 6.110387957763672, "loss": 6.144816909027099, "epoch": 13, "time": "19:19:00"}
{"val_loss": 5.989903413391113, "loss": 6.144577121988933, "epoch": 14, "time": "19:19:00"}
{"val_loss": 6.078600183105468, "loss": 6.206790205891927, "epoch": 15, "time": "19:19:01"}
{"val_loss": 6.051075477600097, "loss": 6.130599450937907, "epoch": 16, "time": "19:19:02"}
{"val_loss": 6.217080591583252, "loss": 6.117855122121175, "epoch": 17, "time": "19:19:03"}
{"val_loss": 6.054380787658691, "loss": 6.217898090616862, "epoch": 18, "time": "19:19:03"}
{"val_loss": 6.158559407043457, "loss": 6.161481740061442, "epoch": 19, "time": "19:19:04"}
{"val_loss": 6.1113124885559085, "loss": 6.179477184295655, "epoch": 20, "time": "19:19:05"}
{"val_loss": 6.335931483459473, "loss": 6.191558569335937, "epoch": 21, "time": "19:19:05"}
{"val_loss": 6.029561586761474, "loss": 6.166436471303304, "epoch": 22, "time": "19:19:06"}
{"val_loss": 5.969220991516114, "loss": 6.051282485198975, "epoch": 23, "time": "19:19:07"}
{"val_loss": 5.989405861663818, "loss": 6.032302310434977, "epoch": 24, "time": "19:19:07"}
{"val_loss": 6.10432292098999, "loss": 6.069951224517823, "epoch": 25, "time": "19:19:08"}
{"val_loss": 6.064110188293457, "loss": 6.101120581309001, "epoch": 26, "time": "19:19:09"}
{"val_loss": 6.02928151473999, "loss": 6.157870056406657, "epoch": 27, "time": "19:19:10"}
{"val_loss": 5.999015798187256, "loss": 6.053299869028727, "epoch": 28, "time": "19:19:10"}
{"val_loss": 6.168988764953613, "loss": 6.1246020797729495, "epoch": 29, "time": "19:19:11"}
{"val_loss": 6.177909510040283, "loss": 6.1955003128051755, "epoch": 30, "time": "19:19:12"}
{"val_loss": 6.104706539154053, "loss": 6.092802405548095, "epoch": 31, "time": "19:19:12"}
{"val_loss": 6.200355237579346, "loss": 6.195051109059651, "epoch": 32, "time": "19:19:13"}
{"val_loss": 6.123975117492676, "loss": 6.200805904642741, "epoch": 33, "time": "19:19:14"}
{"val_loss": 6.1134762229919435, "loss": 6.1472321729024255, "epoch": 34, "time": "19:19:14"}
{"val_loss": 6.0834603591918945, "loss": 6.183555474853516, "epoch": 35, "time": "19:19:15"}
{"val_loss": 6.339360316467285, "loss": 6.124732376352946, "epoch": 36, "time": "19:19:16"}
{"val_loss": 5.999558143615722, "loss": 6.183151644897461, "epoch": 37, "time": "19:19:17"}
{"val_loss": 6.10303565826416, "loss": 6.173824634043376, "epoch": 38, "time": "19:19:17"}
{"val_loss": 6.030316902160645, "loss": 6.112558915964763, "epoch": 39, "time": "19:19:18"}
{"val_loss": 6.097916455841064, "loss": 6.14907947769165, "epoch": 40, "time": "19:19:19"}
{"val_loss": 6.4787761611938475, "loss": 6.161752172851562, "epoch": 41, "time": "19:19:19"}
{"val_loss": 5.87177061920166, "loss": 6.0923637138366695, "epoch": 42, "time": "19:19:20"}
{"val_loss": 5.9392644302368165, "loss": 6.0013383145650225, "epoch": 43, "time": "19:19:21"}
{"val_loss": 5.924867726898193, "loss": 6.033255643717448, "epoch": 44, "time": "19:19:21"}
{"val_loss": 6.0919166152954105, "loss": 6.054017135620117, "epoch": 45, "time": "19:19:22"}
{"val_loss": 6.088497968292236, "loss": 6.018236948394775, "epoch": 46, "time": "19:19:23"}
{"val_loss": 6.178149122619629, "loss": 5.999149132537842, "epoch": 47, "time": "19:19:24"}
{"val_loss": 6.073256898498535, "loss": 6.107537820180257, "epoch": 48, "time": "19:19:24"}
{"val_loss": 6.2054482810974125, "loss": 6.080918836720785, "epoch": 49, "time": "19:19:25"}
