{"val_loss": 11.632345480346679, "loss": 11.888399948628743, "epoch": 0, "time": "22:53:06"}
{"val_loss": 10.650111987304687, "loss": 10.99227908782959, "epoch": 1, "time": "22:53:07"}
{"val_loss": 10.223080407714844, "loss": 10.467755708312989, "epoch": 2, "time": "22:53:08"}
{"val_loss": 10.401020666503907, "loss": 10.470262482706707, "epoch": 3, "time": "22:53:09"}
{"val_loss": 10.178200598144532, "loss": 10.441775117492675, "epoch": 4, "time": "22:53:09"}
{"val_loss": 10.221070776367187, "loss": 10.35469067738851, "epoch": 5, "time": "22:53:10"}
{"val_loss": 10.158687158203126, "loss": 10.214283770243327, "epoch": 6, "time": "22:53:11"}
{"val_loss": 10.115747778320312, "loss": 10.308540837097167, "epoch": 7, "time": "22:53:12"}
{"val_loss": 10.283346240234374, "loss": 10.331679197184245, "epoch": 8, "time": "22:53:12"}
{"val_loss": 10.539783952331543, "loss": 10.347358144632976, "epoch": 9, "time": "22:53:13"}
{"val_loss": 10.210743139648438, "loss": 10.34446677347819, "epoch": 10, "time": "22:53:14"}
{"val_loss": 10.143118469238281, "loss": 10.282231825256348, "epoch": 11, "time": "22:53:15"}
{"val_loss": 10.205434619140625, "loss": 10.333598879496256, "epoch": 12, "time": "22:53:15"}
{"val_loss": 10.152608178710938, "loss": 10.238382320658365, "epoch": 13, "time": "22:53:16"}
{"val_loss": 10.170840991210937, "loss": 10.40665454152425, "epoch": 14, "time": "22:53:17"}
{"val_loss": 10.100936315917968, "loss": 10.171735004170735, "epoch": 15, "time": "22:53:17"}
{"val_loss": 10.28174139404297, "loss": 10.236935668436686, "epoch": 16, "time": "22:53:18"}
{"val_loss": 10.141910485839844, "loss": 10.2440814356486, "epoch": 17, "time": "22:53:19"}
{"val_loss": 10.255342431640624, "loss": 10.268732769266764, "epoch": 18, "time": "22:53:20"}
{"val_loss": 10.23040703125, "loss": 10.28598965403239, "epoch": 19, "time": "22:53:20"}
{"val_loss": 10.288314855957031, "loss": 10.267693617248534, "epoch": 20, "time": "22:53:21"}
{"val_loss": 10.164072045898438, "loss": 10.329018780517577, "epoch": 21, "time": "22:53:22"}
{"val_loss": 10.133627380371093, "loss": 10.421615954081217, "epoch": 22, "time": "22:53:23"}
{"val_loss": 10.170519165039062, "loss": 10.297196290079752, "epoch": 23, "time": "22:53:23"}
{"val_loss": 10.135193103027344, "loss": 10.179729330952963, "epoch": 24, "time": "22:53:24"}
{"val_loss": 10.183689074707031, "loss": 10.1461904296875, "epoch": 25, "time": "22:53:25"}
{"val_loss": 10.110331140136719, "loss": 10.173056436157227, "epoch": 26, "time": "22:53:25"}
{"val_loss": 10.257557019042968, "loss": 10.235294121805827, "epoch": 27, "time": "22:53:26"}
{"val_loss": 10.7345896484375, "loss": 10.36938428700765, "epoch": 28, "time": "22:53:27"}
{"val_loss": 9.639918359375, "loss": 10.100203617858886, "epoch": 29, "time": "22:53:28"}
{"val_loss": 8.99712138671875, "loss": 9.218216432698568, "epoch": 30, "time": "22:53:28"}
{"val_loss": 8.810406231689454, "loss": 9.046268739827473, "epoch": 31, "time": "22:53:29"}
{"val_loss": 7.7033789924621585, "loss": 8.392036326090494, "epoch": 32, "time": "22:53:30"}
{"val_loss": 7.555152588653565, "loss": 7.909326393636068, "epoch": 33, "time": "22:53:30"}
{"val_loss": 7.779815760040283, "loss": 7.632182721964519, "epoch": 34, "time": "22:53:31"}
{"val_loss": 7.4502635749816895, "loss": 7.508582933044433, "epoch": 35, "time": "22:53:32"}
{"val_loss": 7.133869171905517, "loss": 7.253076485188802, "epoch": 36, "time": "22:53:33"}
{"val_loss": 7.531959014892578, "loss": 7.23146022567749, "epoch": 37, "time": "22:53:33"}
{"val_loss": 7.213930591583252, "loss": 7.324605715179444, "epoch": 38, "time": "22:53:34"}
{"val_loss": 7.058417841339112, "loss": 7.341214457448324, "epoch": 39, "time": "22:53:35"}
{"val_loss": 6.945898773956299, "loss": 7.126338330586751, "epoch": 40, "time": "22:53:36"}
{"val_loss": 6.9049315322875975, "loss": 7.105104883066813, "epoch": 41, "time": "22:53:36"}
{"val_loss": 6.87717945098877, "loss": 6.973608024342854, "epoch": 42, "time": "22:53:37"}
{"val_loss": 6.903163612365723, "loss": 6.989919904327393, "epoch": 43, "time": "22:53:38"}
{"val_loss": 6.913408527374267, "loss": 7.000313661956787, "epoch": 44, "time": "22:53:38"}
{"val_loss": 6.971710810852051, "loss": 7.096318543752035, "epoch": 45, "time": "22:53:39"}
{"val_loss": 7.2192951065063475, "loss": 7.099820439910888, "epoch": 46, "time": "22:53:40"}
{"val_loss": 7.0180119705200195, "loss": 7.170005497996012, "epoch": 47, "time": "22:53:41"}
{"val_loss": 6.9522116897583, "loss": 7.035744347127278, "epoch": 48, "time": "22:53:41"}
{"val_loss": 7.081288386535644, "loss": 7.102203014119466, "epoch": 49, "time": "22:53:42"}
