{"val_loss": 5.443548916625977, "loss": 6.484525097401937, "epoch": 0, "time": "05:31:39"}
{"val_loss": 5.337080389404297, "loss": 5.436298974863688, "epoch": 1, "time": "05:31:40"}
{"val_loss": 4.08701353225708, "loss": 4.912772440846761, "epoch": 2, "time": "05:31:41"}
{"val_loss": 4.083471508789063, "loss": 4.27659007059733, "epoch": 3, "time": "05:31:42"}
{"val_loss": 4.114286933135986, "loss": 4.226621145884196, "epoch": 4, "time": "05:31:43"}
{"val_loss": 4.14323197631836, "loss": 4.175655587514242, "epoch": 5, "time": "05:31:44"}
{"val_loss": 4.357925316619873, "loss": 4.24525808652242, "epoch": 6, "time": "05:31:44"}
{"val_loss": 3.9907351570129395, "loss": 4.174539740244548, "epoch": 7, "time": "05:31:45"}
{"val_loss": 3.9984229766845703, "loss": 4.138947636667887, "epoch": 8, "time": "05:31:46"}
{"val_loss": 3.971149338531494, "loss": 4.01743828125, "epoch": 9, "time": "05:31:47"}
{"val_loss": 4.181613422393799, "loss": 4.135484523773194, "epoch": 10, "time": "05:31:48"}
{"val_loss": 4.2894193519592285, "loss": 4.138670336914062, "epoch": 11, "time": "05:31:48"}
{"val_loss": 4.085061664581299, "loss": 4.139823622131348, "epoch": 12, "time": "05:31:49"}
{"val_loss": 4.129702993011475, "loss": 4.104179996999105, "epoch": 13, "time": "05:31:50"}
{"val_loss": 3.9989913398742676, "loss": 4.1290784881591795, "epoch": 14, "time": "05:31:51"}
{"val_loss": 4.0786559242248535, "loss": 4.286743086496989, "epoch": 15, "time": "05:31:52"}
{"val_loss": 3.955725989532471, "loss": 4.069462726720174, "epoch": 16, "time": "05:31:52"}
{"val_loss": 4.206275803375244, "loss": 4.045448598225912, "epoch": 17, "time": "05:31:53"}
{"val_loss": 3.9688603157043456, "loss": 4.05899684155782, "epoch": 18, "time": "05:31:54"}
{"val_loss": 4.0648505500793455, "loss": 4.053487108230591, "epoch": 19, "time": "05:31:55"}
{"val_loss": 4.10657777633667, "loss": 4.091377105840047, "epoch": 20, "time": "05:31:56"}
{"val_loss": 3.9973963745117187, "loss": 4.096680308278402, "epoch": 21, "time": "05:31:56"}
{"val_loss": 4.256797870635986, "loss": 4.258012933222453, "epoch": 22, "time": "05:31:57"}
{"val_loss": 4.257666738128662, "loss": 4.135539320119222, "epoch": 23, "time": "05:31:58"}
{"val_loss": 4.045249313354492, "loss": 4.140917509460449, "epoch": 24, "time": "05:31:59"}
{"val_loss": 4.013296747589111, "loss": 4.081755205281575, "epoch": 25, "time": "05:32:00"}
{"val_loss": 4.055610688018799, "loss": 4.10357997678121, "epoch": 26, "time": "05:32:00"}
{"val_loss": 3.913617498779297, "loss": 4.099937082163493, "epoch": 27, "time": "05:32:01"}
{"val_loss": 4.268730163574219, "loss": 4.158196980285645, "epoch": 28, "time": "05:32:02"}
{"val_loss": 3.899177963256836, "loss": 4.113657895914714, "epoch": 29, "time": "05:32:03"}
{"val_loss": 4.22909867477417, "loss": 4.052662391535441, "epoch": 30, "time": "05:32:04"}
{"val_loss": 3.9245281646728514, "loss": 4.201616657765706, "epoch": 31, "time": "05:32:04"}
{"val_loss": 3.8763246795654296, "loss": 4.131262465413411, "epoch": 32, "time": "05:32:05"}
{"val_loss": 3.984063794708252, "loss": 4.009601828002929, "epoch": 33, "time": "05:32:06"}
{"val_loss": 4.14406058959961, "loss": 4.049912782414754, "epoch": 34, "time": "05:32:07"}
{"val_loss": 3.938039353179932, "loss": 4.126920073445638, "epoch": 35, "time": "05:32:07"}
{"val_loss": 4.109561444854736, "loss": 4.063801382191976, "epoch": 36, "time": "05:32:08"}
{"val_loss": 4.142474110031128, "loss": 4.1912011085510255, "epoch": 37, "time": "05:32:09"}
{"val_loss": 3.9579763854980468, "loss": 4.103450055948893, "epoch": 38, "time": "05:32:10"}
{"val_loss": 3.9351676399230957, "loss": 4.050571504592895, "epoch": 39, "time": "05:32:11"}
{"val_loss": 3.9161116973876955, "loss": 4.084349419911702, "epoch": 40, "time": "05:32:11"}
{"val_loss": 4.036330792999268, "loss": 4.002597714996338, "epoch": 41, "time": "05:32:12"}
{"val_loss": 3.933185600280762, "loss": 3.997965172958374, "epoch": 42, "time": "05:32:13"}
{"val_loss": 4.074632452392578, "loss": 4.08030795135498, "epoch": 43, "time": "05:32:14"}
{"val_loss": 4.272353793334961, "loss": 4.129377423858642, "epoch": 44, "time": "05:32:15"}
{"val_loss": 4.379529571533203, "loss": 4.375712413533528, "epoch": 45, "time": "05:32:15"}
{"val_loss": 4.197126514434815, "loss": 4.148655428187053, "epoch": 46, "time": "05:32:16"}
{"val_loss": 4.152988962554931, "loss": 4.143348076883952, "epoch": 47, "time": "05:32:17"}
{"val_loss": 3.975552963256836, "loss": 4.096789769744873, "epoch": 48, "time": "05:32:18"}
{"val_loss": 4.0900260467529295, "loss": 4.1019947110493975, "epoch": 49, "time": "05:32:19"}
