{"val_loss": 7.688290454101563, "loss": 8.921310144297282, "epoch": 0, "time": "22:22:29"}
{"val_loss": 6.658393238067627, "loss": 7.629690928395589, "epoch": 1, "time": "22:22:30"}
{"val_loss": 4.864594533538819, "loss": 5.364799724070231, "epoch": 2, "time": "22:22:30"}
{"val_loss": 4.889938317108154, "loss": 4.881120798746744, "epoch": 3, "time": "22:22:31"}
{"val_loss": 4.642026062011719, "loss": 4.818292919158935, "epoch": 4, "time": "22:22:32"}
{"val_loss": 4.496023321533203, "loss": 4.676930241902669, "epoch": 5, "time": "22:22:33"}
{"val_loss": 4.508682180786133, "loss": 4.641773856480916, "epoch": 6, "time": "22:22:33"}
{"val_loss": 4.580127663421631, "loss": 4.783241104125977, "epoch": 7, "time": "22:22:34"}
{"val_loss": 4.397943338012695, "loss": 4.67620362739563, "epoch": 8, "time": "22:22:35"}
{"val_loss": 4.551665767669678, "loss": 4.673360425567627, "epoch": 9, "time": "22:22:36"}
{"val_loss": 4.503455086517334, "loss": 4.771134847005208, "epoch": 10, "time": "22:22:36"}
{"val_loss": 4.454218745422363, "loss": 4.622995425923666, "epoch": 11, "time": "22:22:37"}
{"val_loss": 5.01709987487793, "loss": 4.693883211008708, "epoch": 12, "time": "22:22:38"}
{"val_loss": 4.463856452178955, "loss": 4.817645068105062, "epoch": 13, "time": "22:22:39"}
{"val_loss": 4.381501633453369, "loss": 4.56065725924174, "epoch": 14, "time": "22:22:39"}
{"val_loss": 4.427556267547607, "loss": 4.593182632827759, "epoch": 15, "time": "22:22:40"}
{"val_loss": 4.511937004852295, "loss": 4.578302987925212, "epoch": 16, "time": "22:22:41"}
{"val_loss": 4.258410305786133, "loss": 4.593145018259684, "epoch": 17, "time": "22:22:41"}
{"val_loss": 4.438590889739991, "loss": 4.690158916982015, "epoch": 18, "time": "22:22:42"}
{"val_loss": 4.867616653442383, "loss": 4.650644291687012, "epoch": 19, "time": "22:22:43"}
{"val_loss": 4.376412719726562, "loss": 4.622308763504028, "epoch": 20, "time": "22:22:44"}
{"val_loss": 4.2775638481140135, "loss": 4.467276146189372, "epoch": 21, "time": "22:22:44"}
{"val_loss": 4.427185061645508, "loss": 4.570116040929158, "epoch": 22, "time": "22:22:45"}
{"val_loss": 4.596678848266602, "loss": 4.662166281636556, "epoch": 23, "time": "22:22:46"}
{"val_loss": 4.575823626708984, "loss": 4.662310365549724, "epoch": 24, "time": "22:22:47"}
{"val_loss": 4.573463098144531, "loss": 4.527271812438965, "epoch": 25, "time": "22:22:48"}
{"val_loss": 4.329060952758789, "loss": 4.487076996358236, "epoch": 26, "time": "22:22:48"}
{"val_loss": 4.418865646362304, "loss": 4.520935179773966, "epoch": 27, "time": "22:22:49"}
{"val_loss": 4.41716135635376, "loss": 4.50409174601237, "epoch": 28, "time": "22:22:50"}
{"val_loss": 4.319400940704345, "loss": 4.51266861521403, "epoch": 29, "time": "22:22:51"}
{"val_loss": 4.472743924713135, "loss": 4.433024131011963, "epoch": 30, "time": "22:22:51"}
{"val_loss": 4.4608590759277345, "loss": 4.5354059766133625, "epoch": 31, "time": "22:22:52"}
{"val_loss": 4.579826050567627, "loss": 4.546382376480103, "epoch": 32, "time": "22:22:53"}
{"val_loss": 4.703285577011108, "loss": 4.664170866394043, "epoch": 33, "time": "22:22:54"}
{"val_loss": 4.274999146270752, "loss": 4.464657355626424, "epoch": 34, "time": "22:22:54"}
{"val_loss": 4.216234942626953, "loss": 4.539305050532023, "epoch": 35, "time": "22:22:55"}
{"val_loss": 4.460860816192627, "loss": 4.5010813596089685, "epoch": 36, "time": "22:22:56"}
{"val_loss": 4.63290065612793, "loss": 4.541609559504191, "epoch": 37, "time": "22:22:56"}
{"val_loss": 4.436131873321533, "loss": 4.616321540832519, "epoch": 38, "time": "22:22:57"}
{"val_loss": 4.447472159576416, "loss": 4.504122864278157, "epoch": 39, "time": "22:22:58"}
{"val_loss": 4.384027386474609, "loss": 4.425564083989461, "epoch": 40, "time": "22:22:59"}
{"val_loss": 4.244623123931885, "loss": 4.419620191701253, "epoch": 41, "time": "22:22:59"}
{"val_loss": 4.252440619659424, "loss": 4.4035686612447105, "epoch": 42, "time": "22:23:00"}
{"val_loss": 4.313504907989502, "loss": 4.399407261403402, "epoch": 43, "time": "22:23:01"}
{"val_loss": 4.294177143096924, "loss": 4.397042957687378, "epoch": 44, "time": "22:23:01"}
{"val_loss": 4.37521734008789, "loss": 4.399676121012369, "epoch": 45, "time": "22:23:02"}
{"val_loss": 4.383441201782227, "loss": 4.413549131520589, "epoch": 46, "time": "22:23:03"}
{"val_loss": 4.327471584320068, "loss": 4.490325420761108, "epoch": 47, "time": "22:23:04"}
{"val_loss": 4.310790716552734, "loss": 4.433464153035482, "epoch": 48, "time": "22:23:04"}
{"val_loss": 4.179148150634766, "loss": 4.406665570322673, "epoch": 49, "time": "22:23:05"}
