{"val_loss": 2.9700304496765138, "loss": 5.0358005639394126, "epoch": 0, "time": "06:02:20"}
{"val_loss": 1.3338821367263793, "loss": 1.6467700720469156, "epoch": 1, "time": "06:02:21"}
{"val_loss": 1.0860495070546095, "loss": 1.1995138858159382, "epoch": 2, "time": "06:02:22"}
{"val_loss": 1.0129806731465345, "loss": 1.0399780459245045, "epoch": 3, "time": "06:02:23"}
{"val_loss": 1.1048504095077514, "loss": 1.041055636405945, "epoch": 4, "time": "06:02:24"}
{"val_loss": 1.010545263594389, "loss": 0.9318682230359642, "epoch": 5, "time": "06:02:24"}
{"val_loss": 1.0548488632202149, "loss": 0.9427475233554841, "epoch": 6, "time": "06:02:25"}
{"val_loss": 0.8234223761558532, "loss": 0.9326368244171143, "epoch": 7, "time": "06:02:26"}
{"val_loss": 0.7861311287403107, "loss": 0.90725705909729, "epoch": 8, "time": "06:02:27"}
{"val_loss": 1.0875922095298767, "loss": 0.863249080170008, "epoch": 9, "time": "06:02:28"}
{"val_loss": 0.8387177077293396, "loss": 0.8385216041823234, "epoch": 10, "time": "06:02:29"}
{"val_loss": 0.8289426301002506, "loss": 0.8249237635771434, "epoch": 11, "time": "06:02:29"}
{"val_loss": 0.8782638949142769, "loss": 0.8311035232861836, "epoch": 12, "time": "06:02:30"}
{"val_loss": 0.7899301985740662, "loss": 0.8554513722101847, "epoch": 13, "time": "06:02:31"}
{"val_loss": 1.0230794180870055, "loss": 0.8242383277257284, "epoch": 14, "time": "06:02:32"}
{"val_loss": 0.8750916288375854, "loss": 0.8075566804637512, "epoch": 15, "time": "06:02:33"}
{"val_loss": 0.7417775380134582, "loss": 0.7634955970297257, "epoch": 16, "time": "06:02:34"}
{"val_loss": 0.8287042898654938, "loss": 0.7752248939832052, "epoch": 17, "time": "06:02:34"}
{"val_loss": 0.7932369764328003, "loss": 0.7877126341716697, "epoch": 18, "time": "06:02:35"}
{"val_loss": 0.6850296545267105, "loss": 0.7572404354731241, "epoch": 19, "time": "06:02:36"}
{"val_loss": 0.79845998865664, "loss": 0.7166910374005636, "epoch": 20, "time": "06:02:37"}
{"val_loss": 0.7443589004039765, "loss": 0.7772722233772278, "epoch": 21, "time": "06:02:38"}
{"val_loss": 0.837920276260376, "loss": 0.7782902743975322, "epoch": 22, "time": "06:02:38"}
{"val_loss": 0.759974348255992, "loss": 0.7710711240132649, "epoch": 23, "time": "06:02:39"}
{"val_loss": 0.6851114575147629, "loss": 0.7125496611148127, "epoch": 24, "time": "06:02:40"}
{"val_loss": 0.7496344696044922, "loss": 0.7304589559872945, "epoch": 25, "time": "06:02:41"}
{"val_loss": 0.7934747482299804, "loss": 0.7358427157284382, "epoch": 26, "time": "06:02:42"}
{"val_loss": 0.7207468391418457, "loss": 0.7172216334978739, "epoch": 27, "time": "06:02:42"}
{"val_loss": 0.7355858747959235, "loss": 0.7427396555264791, "epoch": 28, "time": "06:02:43"}
{"val_loss": 0.711808086013794, "loss": 0.7465317569732666, "epoch": 29, "time": "06:02:44"}
{"val_loss": 0.8165478527069092, "loss": 0.7221504872719446, "epoch": 30, "time": "06:02:45"}
{"val_loss": 0.7611734350204468, "loss": 0.7099667964140575, "epoch": 31, "time": "06:02:46"}
{"val_loss": 0.7626498754501343, "loss": 0.7383117837746938, "epoch": 32, "time": "06:02:46"}
{"val_loss": 0.696951888041402, "loss": 0.6397254182650941, "epoch": 33, "time": "06:02:47"}
{"val_loss": 0.7199533481478692, "loss": 0.7207275164604187, "epoch": 34, "time": "06:02:48"}
{"val_loss": 0.6792256552100182, "loss": 0.6887430434628701, "epoch": 35, "time": "06:02:49"}
{"val_loss": 0.7481266256332397, "loss": 0.7020895371119181, "epoch": 36, "time": "06:02:50"}
{"val_loss": 0.7056458834882593, "loss": 0.6987786188932756, "epoch": 37, "time": "06:02:50"}
{"val_loss": 0.7047507726913885, "loss": 0.6997019390612026, "epoch": 38, "time": "06:02:51"}
{"val_loss": 0.6909351831436157, "loss": 0.6601009079138404, "epoch": 39, "time": "06:02:52"}
{"val_loss": 0.7822958545684815, "loss": 0.7017618443965912, "epoch": 40, "time": "06:02:53"}
{"val_loss": 0.8407480359077454, "loss": 0.7127379186312358, "epoch": 41, "time": "06:02:54"}
{"val_loss": 0.7078914344787598, "loss": 0.7090178510268529, "epoch": 42, "time": "06:02:54"}
{"val_loss": 0.6985529557228088, "loss": 0.7141496589183808, "epoch": 43, "time": "06:02:55"}
{"val_loss": 0.671306645488739, "loss": 0.6831508475144704, "epoch": 44, "time": "06:02:56"}
{"val_loss": 0.690897357749939, "loss": 0.6724776302019755, "epoch": 45, "time": "06:02:57"}
{"val_loss": 0.6401727393215755, "loss": 0.6424558873176575, "epoch": 46, "time": "06:02:58"}
{"val_loss": 0.8520667451385336, "loss": 0.6994979593723392, "epoch": 47, "time": "06:02:58"}
{"val_loss": 0.742868370628357, "loss": 0.7212230845769246, "epoch": 48, "time": "06:02:59"}
{"val_loss": 0.6428368803977966, "loss": 0.6757741733098402, "epoch": 49, "time": "06:03:00"}
