{"val_loss": 6.381234426116944, "loss": 6.724504170735677, "epoch": 0, "time": "06:33:02"}
{"val_loss": 6.046670571899414, "loss": 5.922084398651123, "epoch": 1, "time": "06:33:02"}
{"val_loss": 4.748530930328369, "loss": 5.567770545959473, "epoch": 2, "time": "06:33:03"}
{"val_loss": 4.514694821929932, "loss": 4.7601080326080325, "epoch": 3, "time": "06:33:04"}
{"val_loss": 4.437154843902588, "loss": 4.710783928807577, "epoch": 4, "time": "06:33:05"}
{"val_loss": 4.679308026123047, "loss": 4.585033110809326, "epoch": 5, "time": "06:33:06"}
{"val_loss": 4.740287668609619, "loss": 4.603249393081665, "epoch": 6, "time": "06:33:07"}
{"val_loss": 4.417966946411132, "loss": 4.563980266571045, "epoch": 7, "time": "06:33:07"}
{"val_loss": 4.334389151763916, "loss": 4.597138932927449, "epoch": 8, "time": "06:33:08"}
{"val_loss": 4.534264758300782, "loss": 4.509680424245198, "epoch": 9, "time": "06:33:09"}
{"val_loss": 4.413035681915283, "loss": 4.608534973398845, "epoch": 10, "time": "06:33:10"}
{"val_loss": 4.766928928375244, "loss": 4.600618495686849, "epoch": 11, "time": "06:33:11"}
{"val_loss": 4.367653378295898, "loss": 4.560725094858805, "epoch": 12, "time": "06:33:12"}
{"val_loss": 4.270358860015869, "loss": 4.498422471618652, "epoch": 13, "time": "06:33:12"}
{"val_loss": 4.442076245117187, "loss": 4.621897708638509, "epoch": 14, "time": "06:33:13"}
{"val_loss": 4.653769361114502, "loss": 4.499459513346354, "epoch": 15, "time": "06:33:14"}
{"val_loss": 4.592655506134033, "loss": 4.539325805664062, "epoch": 16, "time": "06:33:15"}
{"val_loss": 4.345514121246338, "loss": 4.466069832102458, "epoch": 17, "time": "06:33:16"}
{"val_loss": 4.444932482910156, "loss": 4.552439514923096, "epoch": 18, "time": "06:33:16"}
{"val_loss": 4.367782449340821, "loss": 4.446078700129191, "epoch": 19, "time": "06:33:17"}
{"val_loss": 4.692900577545166, "loss": 4.4320342852274575, "epoch": 20, "time": "06:33:18"}
{"val_loss": 4.594277571105957, "loss": 4.655594683329264, "epoch": 21, "time": "06:33:19"}
{"val_loss": 4.331765015411377, "loss": 4.545515529251099, "epoch": 22, "time": "06:33:20"}
{"val_loss": 3.3237175987243655, "loss": 3.972392396036784, "epoch": 23, "time": "06:33:20"}
{"val_loss": 3.094178805541992, "loss": 3.421408908780416, "epoch": 24, "time": "06:33:21"}
{"val_loss": 3.0323942459106443, "loss": 3.20513672320048, "epoch": 25, "time": "06:33:22"}
{"val_loss": 3.1610456939697267, "loss": 3.254674583562215, "epoch": 26, "time": "06:33:23"}
{"val_loss": 3.1666371269226072, "loss": 3.2287685291290282, "epoch": 27, "time": "06:33:24"}
{"val_loss": 3.111740595245361, "loss": 3.1966771920522055, "epoch": 28, "time": "06:33:24"}
{"val_loss": 3.73756898727417, "loss": 3.1372938924153644, "epoch": 29, "time": "06:33:25"}
{"val_loss": 3.146169157409668, "loss": 3.1864474252065023, "epoch": 30, "time": "06:33:26"}
{"val_loss": 2.9846477394104003, "loss": 3.032085876083374, "epoch": 31, "time": "06:33:27"}
{"val_loss": 3.1369758239746095, "loss": 3.1726032474517822, "epoch": 32, "time": "06:33:28"}
{"val_loss": 2.9352401237487795, "loss": 3.06444925626119, "epoch": 33, "time": "06:33:28"}
{"val_loss": 3.111208376312256, "loss": 3.10933263613383, "epoch": 34, "time": "06:33:29"}
{"val_loss": 2.92317901763916, "loss": 3.2114635580698647, "epoch": 35, "time": "06:33:30"}
{"val_loss": 2.9066009208679198, "loss": 3.038269522476196, "epoch": 36, "time": "06:33:31"}
{"val_loss": 3.0151388275146482, "loss": 3.0358992504119873, "epoch": 37, "time": "06:33:32"}
{"val_loss": 2.9778280754089357, "loss": 2.97070301806132, "epoch": 38, "time": "06:33:33"}
{"val_loss": 2.965751515197754, "loss": 3.042163475926717, "epoch": 39, "time": "06:33:33"}
{"val_loss": 2.9041397247314453, "loss": 2.9958023891448975, "epoch": 40, "time": "06:33:34"}
{"val_loss": 2.969858462524414, "loss": 2.970736457443237, "epoch": 41, "time": "06:33:35"}
{"val_loss": 2.9431646560668945, "loss": 3.127765784581502, "epoch": 42, "time": "06:33:36"}
{"val_loss": 3.022665510559082, "loss": 2.986046887588501, "epoch": 43, "time": "06:33:36"}
{"val_loss": 2.998373908996582, "loss": 3.104632836786906, "epoch": 44, "time": "06:33:37"}
{"val_loss": 3.02337956237793, "loss": 3.1009448429107667, "epoch": 45, "time": "06:33:38"}
{"val_loss": 2.936349063873291, "loss": 3.0113440446217856, "epoch": 46, "time": "06:33:39"}
{"val_loss": 3.1095936126708983, "loss": 3.1516828711191813, "epoch": 47, "time": "06:33:40"}
{"val_loss": 2.8941015213012697, "loss": 3.0226993916829428, "epoch": 48, "time": "06:33:41"}
{"val_loss": 2.9040327301025393, "loss": 3.1375914231618247, "epoch": 49, "time": "06:33:41"}
