{"val_loss": 8.624998774719238, "loss": 8.90567271118164, "epoch": 0, "time": "04:30:18"}
{"val_loss": 8.687131513214112, "loss": 8.652074195861816, "epoch": 1, "time": "04:30:19"}
{"val_loss": 7.722021351623535, "loss": 8.353171162923177, "epoch": 2, "time": "04:30:20"}
{"val_loss": 7.372189649963379, "loss": 7.54355062306722, "epoch": 3, "time": "04:30:21"}
{"val_loss": 7.513248609924316, "loss": 7.5236939646403, "epoch": 4, "time": "04:30:21"}
{"val_loss": 7.220463264465332, "loss": 7.426933971405029, "epoch": 5, "time": "04:30:22"}
{"val_loss": 7.422611036682129, "loss": 7.306723594411214, "epoch": 6, "time": "04:30:23"}
{"val_loss": 7.256023103332519, "loss": 7.339421412150065, "epoch": 7, "time": "04:30:24"}
{"val_loss": 7.469157624053955, "loss": 7.395328184254964, "epoch": 8, "time": "04:30:25"}
{"val_loss": 7.338529969787598, "loss": 7.447168039449056, "epoch": 9, "time": "04:30:25"}
{"val_loss": 7.445876899719238, "loss": 7.378169198608399, "epoch": 10, "time": "04:30:26"}
{"val_loss": 7.50183692779541, "loss": 7.415119610087077, "epoch": 11, "time": "04:30:27"}
{"val_loss": 7.240702729797364, "loss": 7.344714845530192, "epoch": 12, "time": "04:30:28"}
{"val_loss": 7.714018293762207, "loss": 7.3053600852966305, "epoch": 13, "time": "04:30:29"}
{"val_loss": 7.240331446838379, "loss": 7.370486581675212, "epoch": 14, "time": "04:30:29"}
{"val_loss": 7.283944758605957, "loss": 7.342456883748373, "epoch": 15, "time": "04:30:30"}
{"val_loss": 7.338632118225098, "loss": 7.369779291534424, "epoch": 16, "time": "04:30:31"}
{"val_loss": 7.806135083770752, "loss": 7.314848605855306, "epoch": 17, "time": "04:30:32"}
{"val_loss": 7.324556671905517, "loss": 7.334380061594645, "epoch": 18, "time": "04:30:33"}
{"val_loss": 7.322380531311035, "loss": 7.326331604003906, "epoch": 19, "time": "04:30:33"}
{"val_loss": 7.365509913635254, "loss": 7.27057532933553, "epoch": 20, "time": "04:30:34"}
{"val_loss": 7.331473652648926, "loss": 7.2301620058695475, "epoch": 21, "time": "04:30:35"}
{"val_loss": 7.204555177307129, "loss": 7.310331947835286, "epoch": 22, "time": "04:30:36"}
{"val_loss": 7.292244978332519, "loss": 7.235607489267985, "epoch": 23, "time": "04:30:36"}
{"val_loss": 7.285813935852051, "loss": 7.241958088684082, "epoch": 24, "time": "04:30:37"}
{"val_loss": 7.30410450592041, "loss": 7.277489377339681, "epoch": 25, "time": "04:30:38"}
{"val_loss": 7.351870491027832, "loss": 7.433561640675863, "epoch": 26, "time": "04:30:39"}
{"val_loss": 7.281241944885254, "loss": 7.372810045115153, "epoch": 27, "time": "04:30:40"}
{"val_loss": 7.158930537414551, "loss": 7.278779477945964, "epoch": 28, "time": "04:30:40"}
{"val_loss": 7.18824864654541, "loss": 7.283940280659993, "epoch": 29, "time": "04:30:41"}
{"val_loss": 7.393958711242676, "loss": 7.2878429840087895, "epoch": 30, "time": "04:30:42"}
{"val_loss": 7.457006770324707, "loss": 7.444413598124187, "epoch": 31, "time": "04:30:43"}
{"val_loss": 7.196586470031738, "loss": 7.2781606213887535, "epoch": 32, "time": "04:30:44"}
{"val_loss": 7.223691255187989, "loss": 7.2443835774739584, "epoch": 33, "time": "04:30:44"}
{"val_loss": 7.390615309143066, "loss": 7.251380800628662, "epoch": 34, "time": "04:30:45"}
{"val_loss": 7.292676747131348, "loss": 7.313215225982666, "epoch": 35, "time": "04:30:46"}
{"val_loss": 7.3990838333129885, "loss": 7.388452235921224, "epoch": 36, "time": "04:30:47"}
{"val_loss": 7.273582814025879, "loss": 7.294560791015625, "epoch": 37, "time": "04:30:47"}
{"val_loss": 7.302865455627441, "loss": 7.405370220692952, "epoch": 38, "time": "04:30:48"}
{"val_loss": 7.227447584533691, "loss": 7.402077516937256, "epoch": 39, "time": "04:30:49"}
{"val_loss": 7.393149886322021, "loss": 7.389770774078369, "epoch": 40, "time": "04:30:50"}
{"val_loss": 7.3027753746032715, "loss": 7.31368670018514, "epoch": 41, "time": "04:30:51"}
{"val_loss": 7.261157514953613, "loss": 7.219774064890544, "epoch": 42, "time": "04:30:51"}
{"val_loss": 7.20069747467041, "loss": 7.239323478190104, "epoch": 43, "time": "04:30:52"}
{"val_loss": 7.451205519866943, "loss": 7.318419756825765, "epoch": 44, "time": "04:30:53"}
{"val_loss": 7.219791329193115, "loss": 7.290124494934082, "epoch": 45, "time": "04:30:54"}
{"val_loss": 7.237363642883301, "loss": 7.250255050404866, "epoch": 46, "time": "04:30:55"}
{"val_loss": 7.559540962219239, "loss": 7.28856355082194, "epoch": 47, "time": "04:30:55"}
{"val_loss": 7.172552638244629, "loss": 7.344691857910156, "epoch": 48, "time": "04:30:56"}
{"val_loss": 7.372535804748535, "loss": 7.332821458180746, "epoch": 49, "time": "04:30:57"}
