{"val_loss": 7.789889123535156, "loss": 8.429114768981934, "epoch": 0, "time": "02:27:36"}
{"val_loss": 7.406633406066894, "loss": 7.605067479960124, "epoch": 1, "time": "02:27:37"}
{"val_loss": 7.516752253723144, "loss": 7.588878749593099, "epoch": 2, "time": "02:27:38"}
{"val_loss": 4.618675914764404, "loss": 6.2942685122172035, "epoch": 3, "time": "02:27:39"}
{"val_loss": 4.400208517456055, "loss": 4.431653927357991, "epoch": 4, "time": "02:27:39"}
{"val_loss": 4.350924418640137, "loss": 4.348544476064046, "epoch": 5, "time": "02:27:40"}
{"val_loss": 4.150432019042968, "loss": 4.248312627665202, "epoch": 6, "time": "02:27:41"}
{"val_loss": 4.100238465118408, "loss": 4.259945742289225, "epoch": 7, "time": "02:27:42"}
{"val_loss": 4.219826031494141, "loss": 4.240885385894775, "epoch": 8, "time": "02:27:43"}
{"val_loss": 4.216449146270752, "loss": 4.221585406239828, "epoch": 9, "time": "02:27:43"}
{"val_loss": 4.028778177642822, "loss": 4.214315152740478, "epoch": 10, "time": "02:27:44"}
{"val_loss": 4.08797416381836, "loss": 4.245440776824951, "epoch": 11, "time": "02:27:45"}
{"val_loss": 4.225138385009766, "loss": 4.192288251113892, "epoch": 12, "time": "02:27:46"}
{"val_loss": 4.051050794219971, "loss": 4.203043110402425, "epoch": 13, "time": "02:27:46"}
{"val_loss": 4.0097460975646975, "loss": 4.204676216379801, "epoch": 14, "time": "02:27:47"}
{"val_loss": 4.064839340972901, "loss": 4.254643746693929, "epoch": 15, "time": "02:27:48"}
{"val_loss": 4.0486847755432125, "loss": 4.19694372698466, "epoch": 16, "time": "02:27:49"}
{"val_loss": 4.04172158279419, "loss": 4.158744421386719, "epoch": 17, "time": "02:27:50"}
{"val_loss": 4.189636200714111, "loss": 4.221526333109538, "epoch": 18, "time": "02:27:50"}
{"val_loss": 4.062540775299072, "loss": 4.178133832804362, "epoch": 19, "time": "02:27:51"}
{"val_loss": 4.114026020050049, "loss": 4.186848463439941, "epoch": 20, "time": "02:27:52"}
{"val_loss": 4.037404907989502, "loss": 4.1455312342325845, "epoch": 21, "time": "02:27:53"}
{"val_loss": 4.028157535552978, "loss": 4.184724890009562, "epoch": 22, "time": "02:27:53"}
{"val_loss": 4.017242025756836, "loss": 4.121806074142456, "epoch": 23, "time": "02:27:54"}
{"val_loss": 4.183783001708984, "loss": 4.16853137550354, "epoch": 24, "time": "02:27:55"}
{"val_loss": 3.9381212043762206, "loss": 4.089772155125936, "epoch": 25, "time": "02:27:56"}
{"val_loss": 4.04071030960083, "loss": 4.047307219950358, "epoch": 26, "time": "02:27:56"}
{"val_loss": 4.081032337188721, "loss": 4.096716113535563, "epoch": 27, "time": "02:27:57"}
{"val_loss": 3.9559440826416017, "loss": 4.0999643458048505, "epoch": 28, "time": "02:27:58"}
{"val_loss": 4.164310437774658, "loss": 4.1297849165598555, "epoch": 29, "time": "02:27:59"}
{"val_loss": 3.9991214904785157, "loss": 4.146188293711345, "epoch": 30, "time": "02:28:00"}
{"val_loss": 3.9959563636779785, "loss": 4.102370491282145, "epoch": 31, "time": "02:28:00"}
{"val_loss": 3.969092664337158, "loss": 4.102464102172852, "epoch": 32, "time": "02:28:01"}
{"val_loss": 4.014539276885986, "loss": 4.068335289891561, "epoch": 33, "time": "02:28:02"}
{"val_loss": 3.9867185333251953, "loss": 4.069157774607341, "epoch": 34, "time": "02:28:03"}
{"val_loss": 3.910605197906494, "loss": 4.0523274068196615, "epoch": 35, "time": "02:28:03"}
{"val_loss": 3.9842076057434084, "loss": 4.049669862365723, "epoch": 36, "time": "02:28:04"}
{"val_loss": 4.0392928924560545, "loss": 4.126669713465373, "epoch": 37, "time": "02:28:05"}
{"val_loss": 3.9171495002746584, "loss": 4.1129082959493, "epoch": 38, "time": "02:28:06"}
{"val_loss": 4.050593787384034, "loss": 4.105802958552043, "epoch": 39, "time": "02:28:06"}
{"val_loss": 3.854679740142822, "loss": 4.103885810343424, "epoch": 40, "time": "02:28:07"}
{"val_loss": 3.940390369415283, "loss": 4.0924832729339595, "epoch": 41, "time": "02:28:08"}
{"val_loss": 3.9706783668518066, "loss": 4.133852536519369, "epoch": 42, "time": "02:28:09"}
{"val_loss": 4.0793677406311035, "loss": 4.119502951685588, "epoch": 43, "time": "02:28:10"}
{"val_loss": 4.17962395324707, "loss": 4.137490990702311, "epoch": 44, "time": "02:28:10"}
{"val_loss": 3.9262341377258303, "loss": 4.115365130360921, "epoch": 45, "time": "02:28:11"}
{"val_loss": 3.936969632720947, "loss": 4.072969386927287, "epoch": 46, "time": "02:28:12"}
{"val_loss": 3.964330124664307, "loss": 4.026810047785441, "epoch": 47, "time": "02:28:13"}
{"val_loss": 4.008470291900635, "loss": 4.095328741963704, "epoch": 48, "time": "02:28:13"}
{"val_loss": 2.7766219734191893, "loss": 3.1329529206593834, "epoch": 49, "time": "02:28:14"}
