{"val_loss": 8.019780171203614, "loss": 10.502704598999024, "epoch": 0, "time": "02:58:16"}
{"val_loss": 7.4560924331665035, "loss": 7.696787669881185, "epoch": 1, "time": "02:58:17"}
{"val_loss": 7.877128015899658, "loss": 7.549914970397949, "epoch": 2, "time": "02:58:18"}
{"val_loss": 7.163359743499756, "loss": 7.493937156931559, "epoch": 3, "time": "02:58:18"}
{"val_loss": 7.147935542297363, "loss": 7.394322289784749, "epoch": 4, "time": "02:58:19"}
{"val_loss": 7.32015957107544, "loss": 7.367556499226888, "epoch": 5, "time": "02:58:20"}
{"val_loss": 7.350744757843017, "loss": 7.352825474294026, "epoch": 6, "time": "02:58:21"}
{"val_loss": 7.327868450927735, "loss": 7.412515720876058, "epoch": 7, "time": "02:58:22"}
{"val_loss": 7.303945503234863, "loss": 7.2337752672831215, "epoch": 8, "time": "02:58:22"}
{"val_loss": 7.059730355072022, "loss": 7.242096240488688, "epoch": 9, "time": "02:58:23"}
{"val_loss": 7.201299024963379, "loss": 7.207717930603027, "epoch": 10, "time": "02:58:24"}
{"val_loss": 7.093664210510254, "loss": 7.350422300211589, "epoch": 11, "time": "02:58:25"}
{"val_loss": 7.0449578628540035, "loss": 7.259584881337484, "epoch": 12, "time": "02:58:26"}
{"val_loss": 7.148393128967285, "loss": 7.236915157826742, "epoch": 13, "time": "02:58:27"}
{"val_loss": 6.973775527191162, "loss": 7.251483533477783, "epoch": 14, "time": "02:58:27"}
{"val_loss": 6.974675301361084, "loss": 7.207030467478434, "epoch": 15, "time": "02:58:28"}
{"val_loss": 7.093373103332519, "loss": 7.2851865801493325, "epoch": 16, "time": "02:58:29"}
{"val_loss": 7.09150968170166, "loss": 7.332651472218831, "epoch": 17, "time": "02:58:30"}
{"val_loss": 7.09025005645752, "loss": 7.275716767628988, "epoch": 18, "time": "02:58:30"}
{"val_loss": 7.013434535980225, "loss": 7.319872463480632, "epoch": 19, "time": "02:58:31"}
{"val_loss": 7.123404048919678, "loss": 7.177808023071289, "epoch": 20, "time": "02:58:32"}
{"val_loss": 7.16070391998291, "loss": 7.159213054911295, "epoch": 21, "time": "02:58:33"}
{"val_loss": 7.12530026473999, "loss": 7.187146763865153, "epoch": 22, "time": "02:58:34"}
{"val_loss": 7.109420295715332, "loss": 7.3091666213989255, "epoch": 23, "time": "02:58:34"}
{"val_loss": 7.1803427505493165, "loss": 7.239478215789795, "epoch": 24, "time": "02:58:35"}
{"val_loss": 7.099386476135254, "loss": 7.2183841097513834, "epoch": 25, "time": "02:58:36"}
{"val_loss": 7.185481819915771, "loss": 7.2403609087626135, "epoch": 26, "time": "02:58:37"}
{"val_loss": 7.083056365203857, "loss": 7.108100556182861, "epoch": 27, "time": "02:58:37"}
{"val_loss": 6.988002998352051, "loss": 7.206047288258871, "epoch": 28, "time": "02:58:38"}
{"val_loss": 7.062476472473144, "loss": 7.1482362434387205, "epoch": 29, "time": "02:58:39"}
{"val_loss": 7.066716444396973, "loss": 7.1419435981750485, "epoch": 30, "time": "02:58:40"}
{"val_loss": 6.611734143829346, "loss": 7.207006369018555, "epoch": 31, "time": "02:58:41"}
{"val_loss": 6.050928637695312, "loss": 6.496899925994873, "epoch": 32, "time": "02:58:41"}
{"val_loss": 5.875668618011475, "loss": 6.163500505320231, "epoch": 33, "time": "02:58:42"}
{"val_loss": 5.778299880218506, "loss": 6.1407682217915855, "epoch": 34, "time": "02:58:43"}
{"val_loss": 5.8675510093688965, "loss": 6.095386763254801, "epoch": 35, "time": "02:58:44"}
{"val_loss": 6.676236207580566, "loss": 5.9516063435872395, "epoch": 36, "time": "02:58:44"}
{"val_loss": 5.735073210144043, "loss": 6.10430476175944, "epoch": 37, "time": "02:58:45"}
{"val_loss": 5.959774672698974, "loss": 6.004032041422526, "epoch": 38, "time": "02:58:46"}
{"val_loss": 6.086196913146972, "loss": 5.9581923629760745, "epoch": 39, "time": "02:58:47"}
{"val_loss": 5.638969992065429, "loss": 5.9517447441101075, "epoch": 40, "time": "02:58:48"}
{"val_loss": 5.801807125854492, "loss": 5.936015967051188, "epoch": 41, "time": "02:58:48"}
{"val_loss": 5.766518904113769, "loss": 5.902976251220703, "epoch": 42, "time": "02:58:49"}
{"val_loss": 6.135163344573975, "loss": 5.952604774983724, "epoch": 43, "time": "02:58:50"}
{"val_loss": 5.774023238372803, "loss": 6.016012712097168, "epoch": 44, "time": "02:58:51"}
{"val_loss": 5.757266024780273, "loss": 5.934802084604899, "epoch": 45, "time": "02:58:51"}
{"val_loss": 5.666155154418945, "loss": 6.059814287567138, "epoch": 46, "time": "02:58:52"}
{"val_loss": 5.7388131744384765, "loss": 5.7884012255350745, "epoch": 47, "time": "02:58:53"}
{"val_loss": 5.793658302307129, "loss": 5.89958111038208, "epoch": 48, "time": "02:58:54"}
{"val_loss": 5.680812098693847, "loss": 5.896739823659261, "epoch": 49, "time": "02:58:55"}
