{"val_loss": 8.610324377441406, "loss": 9.13777753499349, "epoch": 0, "time": "20:20:03"}
{"val_loss": 7.047743537902832, "loss": 7.849590592447917, "epoch": 1, "time": "20:20:04"}
{"val_loss": 6.973478108215332, "loss": 7.256160264587402, "epoch": 2, "time": "20:20:05"}
{"val_loss": 7.073212127685547, "loss": 7.041564784749349, "epoch": 3, "time": "20:20:06"}
{"val_loss": 5.959368679046631, "loss": 6.453592696889242, "epoch": 4, "time": "20:20:06"}
{"val_loss": 6.062741914367676, "loss": 6.120504191335042, "epoch": 5, "time": "20:20:07"}
{"val_loss": 6.1645100234985355, "loss": 6.0884985168457035, "epoch": 6, "time": "20:20:08"}
{"val_loss": 5.747118743896484, "loss": 5.990809298960368, "epoch": 7, "time": "20:20:09"}
{"val_loss": 5.921514991760254, "loss": 6.048936710866292, "epoch": 8, "time": "20:20:09"}
{"val_loss": 5.732945699310303, "loss": 5.992307898966471, "epoch": 9, "time": "20:20:10"}
{"val_loss": 5.861474459838867, "loss": 5.914205923207601, "epoch": 10, "time": "20:20:11"}
{"val_loss": 5.856804549407959, "loss": 5.947581593068441, "epoch": 11, "time": "20:20:12"}
{"val_loss": 5.868992653656006, "loss": 5.918667083994547, "epoch": 12, "time": "20:20:12"}
{"val_loss": 5.895929444885254, "loss": 5.9379182708740235, "epoch": 13, "time": "20:20:13"}
{"val_loss": 5.851358303070068, "loss": 6.026626609293619, "epoch": 14, "time": "20:20:14"}
{"val_loss": 5.871914320373535, "loss": 5.919293939971924, "epoch": 15, "time": "20:20:14"}
{"val_loss": 5.872444551849365, "loss": 5.876125600941976, "epoch": 16, "time": "20:20:15"}
{"val_loss": 5.91157926864624, "loss": 5.988311157480876, "epoch": 17, "time": "20:20:16"}
{"val_loss": 5.692350399017334, "loss": 5.903731307474772, "epoch": 18, "time": "20:20:16"}
{"val_loss": 5.967735395812988, "loss": 5.949674541473389, "epoch": 19, "time": "20:20:17"}
{"val_loss": 5.683372603607178, "loss": 5.839172308349609, "epoch": 20, "time": "20:20:18"}
{"val_loss": 5.7212537498474125, "loss": 5.966520436350504, "epoch": 21, "time": "20:20:19"}
{"val_loss": 6.374376240539551, "loss": 5.91860347925822, "epoch": 22, "time": "20:20:19"}
{"val_loss": 5.777028979492187, "loss": 5.915984133911133, "epoch": 23, "time": "20:20:20"}
{"val_loss": 5.627850521850586, "loss": 5.781109586842855, "epoch": 24, "time": "20:20:21"}
{"val_loss": 5.755033235931396, "loss": 5.7468873939514165, "epoch": 25, "time": "20:20:21"}
{"val_loss": 5.726400490570068, "loss": 5.771604842885336, "epoch": 26, "time": "20:20:22"}
{"val_loss": 5.684181911468506, "loss": 5.777541968536377, "epoch": 27, "time": "20:20:23"}
{"val_loss": 6.12898268661499, "loss": 5.823674077606201, "epoch": 28, "time": "20:20:23"}
{"val_loss": 5.587299282073975, "loss": 5.7874424873352055, "epoch": 29, "time": "20:20:24"}
{"val_loss": 5.603827572631836, "loss": 5.8514692507425945, "epoch": 30, "time": "20:20:25"}
{"val_loss": 5.782056172943115, "loss": 5.738362261199951, "epoch": 31, "time": "20:20:26"}
{"val_loss": 5.671374807739258, "loss": 5.86988250656128, "epoch": 32, "time": "20:20:26"}
{"val_loss": 5.8653665557861325, "loss": 5.859208773040772, "epoch": 33, "time": "20:20:27"}
{"val_loss": 5.6488921897888185, "loss": 5.75651003112793, "epoch": 34, "time": "20:20:28"}
{"val_loss": 5.794658248138428, "loss": 5.815944339752197, "epoch": 35, "time": "20:20:28"}
{"val_loss": 5.679066140747071, "loss": 5.8627753237406415, "epoch": 36, "time": "20:20:29"}
{"val_loss": 5.773813381958008, "loss": 5.776730360666911, "epoch": 37, "time": "20:20:30"}
{"val_loss": 5.593857637786865, "loss": 5.895205456797282, "epoch": 38, "time": "20:20:31"}
{"val_loss": 5.861082618713379, "loss": 5.866839495849609, "epoch": 39, "time": "20:20:31"}
{"val_loss": 5.640544570922851, "loss": 5.922218602752686, "epoch": 40, "time": "20:20:32"}
{"val_loss": 5.6317214691162105, "loss": 5.7565095957438155, "epoch": 41, "time": "20:20:33"}
{"val_loss": 5.600693679046631, "loss": 5.826333730570475, "epoch": 42, "time": "20:20:33"}
{"val_loss": 5.68159274520874, "loss": 5.834647061157226, "epoch": 43, "time": "20:20:34"}
{"val_loss": 5.611124301147461, "loss": 5.829990501912435, "epoch": 44, "time": "20:20:35"}
{"val_loss": 5.814974770355224, "loss": 5.783550946807861, "epoch": 45, "time": "20:20:35"}
{"val_loss": 5.659949514770508, "loss": 5.757567318979899, "epoch": 46, "time": "20:20:36"}
{"val_loss": 5.608786074066162, "loss": 5.758576565297445, "epoch": 47, "time": "20:20:37"}
{"val_loss": 5.765118289184571, "loss": 5.816679904429118, "epoch": 48, "time": "20:20:37"}
{"val_loss": 5.6523159332275394, "loss": 5.784741698964437, "epoch": 49, "time": "20:20:38"}
