{"val_loss": 3.0907651847839355, "loss": 5.116940929667155, "epoch": 0, "time": "01:26:18"}
{"val_loss": 2.7268711238861085, "loss": 2.9309041014353436, "epoch": 1, "time": "01:26:19"}
{"val_loss": 2.6205454956054686, "loss": 2.7556463568369547, "epoch": 2, "time": "01:26:20"}
{"val_loss": 2.68577467918396, "loss": 2.674299917093913, "epoch": 3, "time": "01:26:20"}
{"val_loss": 2.55705452041626, "loss": 2.6183668139775595, "epoch": 4, "time": "01:26:21"}
{"val_loss": 2.560140079498291, "loss": 2.5797065002441406, "epoch": 5, "time": "01:26:22"}
{"val_loss": 2.6685043619155886, "loss": 2.5236096627553306, "epoch": 6, "time": "01:26:23"}
{"val_loss": 2.497165308380127, "loss": 2.554453335825602, "epoch": 7, "time": "01:26:23"}
{"val_loss": 2.574977140045166, "loss": 2.555530079650879, "epoch": 8, "time": "01:26:24"}
{"val_loss": 2.6225433479309084, "loss": 2.5123089928944906, "epoch": 9, "time": "01:26:25"}
{"val_loss": 2.5782400955200195, "loss": 2.4852815283457437, "epoch": 10, "time": "01:26:26"}
{"val_loss": 2.398516884613037, "loss": 2.489575052515666, "epoch": 11, "time": "01:26:27"}
{"val_loss": 2.517726234436035, "loss": 2.4519026613871255, "epoch": 12, "time": "01:26:27"}
{"val_loss": 2.5430135597229, "loss": 2.4577662616093954, "epoch": 13, "time": "01:26:28"}
{"val_loss": 2.437136045074463, "loss": 2.433084284210205, "epoch": 14, "time": "01:26:29"}
{"val_loss": 2.6400936775207517, "loss": 2.4448621822357177, "epoch": 15, "time": "01:26:30"}
{"val_loss": 2.5111626083374023, "loss": 2.4650719716389973, "epoch": 16, "time": "01:26:30"}
{"val_loss": 2.5406360771179197, "loss": 2.4224093334198, "epoch": 17, "time": "01:26:31"}
{"val_loss": 2.4564262336730955, "loss": 2.3749881293614705, "epoch": 18, "time": "01:26:32"}
{"val_loss": 2.5161543380737306, "loss": 2.4044554396311444, "epoch": 19, "time": "01:26:33"}
{"val_loss": 2.410270902252197, "loss": 2.4523111112594607, "epoch": 20, "time": "01:26:33"}
{"val_loss": 2.5358850540161133, "loss": 2.380263186264038, "epoch": 21, "time": "01:26:34"}
{"val_loss": 2.3659777397155763, "loss": 2.40266983833313, "epoch": 22, "time": "01:26:35"}
{"val_loss": 2.4840514533996583, "loss": 2.357301798502604, "epoch": 23, "time": "01:26:36"}
{"val_loss": 2.4155316871643064, "loss": 2.3913072187423707, "epoch": 24, "time": "01:26:37"}
{"val_loss": 2.448315357208252, "loss": 2.402974094136556, "epoch": 25, "time": "01:26:37"}
{"val_loss": 2.416409238433838, "loss": 2.3498059462229413, "epoch": 26, "time": "01:26:38"}
{"val_loss": 2.691820251464844, "loss": 2.375810712178548, "epoch": 27, "time": "01:26:39"}
{"val_loss": 2.3712447929382323, "loss": 2.3820382879257203, "epoch": 28, "time": "01:26:40"}
{"val_loss": 2.423957112121582, "loss": 2.363451319249471, "epoch": 29, "time": "01:26:40"}
{"val_loss": 2.4564606437683105, "loss": 2.33852791557312, "epoch": 30, "time": "01:26:41"}
{"val_loss": 2.3650111194610597, "loss": 2.334369040997823, "epoch": 31, "time": "01:26:42"}
{"val_loss": 2.400953050994873, "loss": 2.3322994097391763, "epoch": 32, "time": "01:26:43"}
{"val_loss": 2.4115533599853514, "loss": 2.282087708155314, "epoch": 33, "time": "01:26:43"}
{"val_loss": 2.42698014755249, "loss": 2.3747151121139525, "epoch": 34, "time": "01:26:44"}
{"val_loss": 2.4739003517150877, "loss": 2.3763569909413658, "epoch": 35, "time": "01:26:45"}
{"val_loss": 2.390925200653076, "loss": 2.3502490681966144, "epoch": 36, "time": "01:26:46"}
{"val_loss": 2.3306133457183837, "loss": 2.3099572374979656, "epoch": 37, "time": "01:26:46"}
{"val_loss": 2.258244320678711, "loss": 2.3820575297673545, "epoch": 38, "time": "01:26:47"}
{"val_loss": 2.401679467010498, "loss": 2.374937451171875, "epoch": 39, "time": "01:26:48"}
{"val_loss": 2.3886306617736817, "loss": 2.316482833480835, "epoch": 40, "time": "01:26:49"}
{"val_loss": 2.3020896102905275, "loss": 2.32526634610494, "epoch": 41, "time": "01:26:49"}
{"val_loss": 2.3806200172424314, "loss": 2.3501704909006755, "epoch": 42, "time": "01:26:50"}
{"val_loss": 2.261504367828369, "loss": 2.2979177954355876, "epoch": 43, "time": "01:26:51"}
{"val_loss": 2.671628175354004, "loss": 2.386368400319417, "epoch": 44, "time": "01:26:52"}
{"val_loss": 2.3359170318603515, "loss": 2.3688035907109577, "epoch": 45, "time": "01:26:53"}
{"val_loss": 2.319437419128418, "loss": 2.349921400006612, "epoch": 46, "time": "01:26:53"}
{"val_loss": 2.36902495803833, "loss": 2.281934767786662, "epoch": 47, "time": "01:26:54"}
{"val_loss": 2.3881372215270997, "loss": 2.3554353567759194, "epoch": 48, "time": "01:26:55"}
{"val_loss": 2.4116469993591307, "loss": 2.342077421061198, "epoch": 49, "time": "01:26:56"}
