{"val_loss": 9.839890576171875, "loss": 10.801146769714356, "epoch": 0, "time": "20:50:39"}
{"val_loss": 9.841252124023438, "loss": 10.010883621724446, "epoch": 1, "time": "20:50:40"}
{"val_loss": 9.711094763183594, "loss": 9.946692632548015, "epoch": 2, "time": "20:50:41"}
{"val_loss": 9.71064835205078, "loss": 10.02979490814209, "epoch": 3, "time": "20:50:41"}
{"val_loss": 9.801274931335449, "loss": 9.920518229675293, "epoch": 4, "time": "20:50:42"}
{"val_loss": 9.783381201171874, "loss": 9.892485897318522, "epoch": 5, "time": "20:50:43"}
{"val_loss": 9.82344744873047, "loss": 9.874201755269368, "epoch": 6, "time": "20:50:44"}
{"val_loss": 9.795745544433593, "loss": 9.95827797088623, "epoch": 7, "time": "20:50:45"}
{"val_loss": 10.042586076354981, "loss": 9.991808463541666, "epoch": 8, "time": "20:50:45"}
{"val_loss": 9.78852021484375, "loss": 9.946227892049153, "epoch": 9, "time": "20:50:46"}
{"val_loss": 9.88267840576172, "loss": 9.917222518412272, "epoch": 10, "time": "20:50:47"}
{"val_loss": 9.74986346435547, "loss": 10.006953163655599, "epoch": 11, "time": "20:50:47"}
{"val_loss": 9.793817956542968, "loss": 9.95552524770101, "epoch": 12, "time": "20:50:48"}
{"val_loss": 9.821488342285157, "loss": 9.946373346455893, "epoch": 13, "time": "20:50:49"}
{"val_loss": 9.686976135253905, "loss": 9.927398093159994, "epoch": 14, "time": "20:50:50"}
{"val_loss": 9.915825927734375, "loss": 9.969998677571615, "epoch": 15, "time": "20:50:50"}
{"val_loss": 9.741780053710938, "loss": 9.873455962626139, "epoch": 16, "time": "20:50:51"}
{"val_loss": 9.720824145507812, "loss": 9.88871377919515, "epoch": 17, "time": "20:50:52"}
{"val_loss": 9.840997534179687, "loss": 9.838001066589355, "epoch": 18, "time": "20:50:52"}
{"val_loss": 9.782073010253907, "loss": 9.87019330291748, "epoch": 19, "time": "20:50:53"}
{"val_loss": 9.896917761230469, "loss": 9.918662405904135, "epoch": 20, "time": "20:50:54"}
{"val_loss": 9.82236827392578, "loss": 9.94490640004476, "epoch": 21, "time": "20:50:55"}
{"val_loss": 9.289874774169922, "loss": 9.764701686604818, "epoch": 22, "time": "20:50:55"}
{"val_loss": 9.013878668212891, "loss": 9.508545748901367, "epoch": 23, "time": "20:50:56"}
{"val_loss": 8.799363201904297, "loss": 9.066128880818685, "epoch": 24, "time": "20:50:57"}
{"val_loss": 9.345936303710937, "loss": 9.092486722310385, "epoch": 25, "time": "20:50:57"}
{"val_loss": 8.756927631378174, "loss": 8.943600340270995, "epoch": 26, "time": "20:50:58"}
{"val_loss": 8.642523248291015, "loss": 8.905523262278239, "epoch": 27, "time": "20:50:59"}
{"val_loss": 9.206106335449219, "loss": 8.885008016459148, "epoch": 28, "time": "20:51:00"}
{"val_loss": 8.750835522460937, "loss": 8.941721401468913, "epoch": 29, "time": "20:51:00"}
{"val_loss": 8.841356280517578, "loss": 8.867250726318359, "epoch": 30, "time": "20:51:01"}
{"val_loss": 8.719401123809815, "loss": 8.762022886149088, "epoch": 31, "time": "20:51:02"}
{"val_loss": 8.73295693435669, "loss": 8.84448668568929, "epoch": 32, "time": "20:51:02"}
{"val_loss": 8.675056756591797, "loss": 8.81675251566569, "epoch": 33, "time": "20:51:03"}
{"val_loss": 8.583391742706299, "loss": 8.742434281921387, "epoch": 34, "time": "20:51:04"}
{"val_loss": 8.576439093017578, "loss": 8.729655602518717, "epoch": 35, "time": "20:51:05"}
{"val_loss": 8.819358367919921, "loss": 8.886646770222981, "epoch": 36, "time": "20:51:05"}
{"val_loss": 8.701705646514892, "loss": 8.830706630452474, "epoch": 37, "time": "20:51:06"}
{"val_loss": 8.81262787475586, "loss": 8.903277809651692, "epoch": 38, "time": "20:51:07"}
{"val_loss": 8.654059149169921, "loss": 8.849938529968261, "epoch": 39, "time": "20:51:07"}
{"val_loss": 8.50551939163208, "loss": 8.678578142293293, "epoch": 40, "time": "20:51:08"}
{"val_loss": 8.510365112304687, "loss": 8.73978803100586, "epoch": 41, "time": "20:51:09"}
{"val_loss": 8.625680841064453, "loss": 8.776565647888184, "epoch": 42, "time": "20:51:09"}
{"val_loss": 8.626285199737548, "loss": 8.73758663889567, "epoch": 43, "time": "20:51:10"}
{"val_loss": 8.672080988311768, "loss": 8.765621518452962, "epoch": 44, "time": "20:51:11"}
{"val_loss": 8.669924842071532, "loss": 8.71120240275065, "epoch": 45, "time": "20:51:12"}
{"val_loss": 8.831313812255859, "loss": 8.798205455525716, "epoch": 46, "time": "20:51:12"}
{"val_loss": 8.540979138946533, "loss": 8.857805973307292, "epoch": 47, "time": "20:51:13"}
{"val_loss": 8.689783074951173, "loss": 8.777085311889648, "epoch": 48, "time": "20:51:14"}
{"val_loss": 8.580905451202392, "loss": 8.774003415934244, "epoch": 49, "time": "20:51:14"}
