{"val_loss": 9.875894772338867, "loss": 10.51802954864502, "epoch": 0, "time": "21:51:52"}
{"val_loss": 8.9278994140625, "loss": 9.345634899393717, "epoch": 1, "time": "21:51:53"}
{"val_loss": 8.820959580993652, "loss": 8.859782643127442, "epoch": 2, "time": "21:51:54"}
{"val_loss": 8.65161215209961, "loss": 8.723065985107421, "epoch": 3, "time": "21:51:54"}
{"val_loss": 7.7635846511840825, "loss": 8.420714698791503, "epoch": 4, "time": "21:51:55"}
{"val_loss": 7.537184546661377, "loss": 7.759091638437907, "epoch": 5, "time": "21:51:56"}
{"val_loss": 7.646290222930908, "loss": 7.545771573638916, "epoch": 6, "time": "21:51:57"}
{"val_loss": 7.581406298828125, "loss": 7.614355090586344, "epoch": 7, "time": "21:51:57"}
{"val_loss": 7.513004413604737, "loss": 7.5142733446757, "epoch": 8, "time": "21:51:58"}
{"val_loss": 7.308838410949707, "loss": 7.615905725097656, "epoch": 9, "time": "21:51:59"}
{"val_loss": 7.2018067764282225, "loss": 7.501862525685628, "epoch": 10, "time": "21:52:00"}
{"val_loss": 7.212298677062988, "loss": 7.4154511655171715, "epoch": 11, "time": "21:52:01"}
{"val_loss": 7.073369813537598, "loss": 7.2914247337341305, "epoch": 12, "time": "21:52:01"}
{"val_loss": 7.45175863647461, "loss": 7.378031829579672, "epoch": 13, "time": "21:52:02"}
{"val_loss": 7.048395252227783, "loss": 7.45172017695109, "epoch": 14, "time": "21:52:03"}
{"val_loss": 7.144779145812988, "loss": 7.312729559834798, "epoch": 15, "time": "21:52:04"}
{"val_loss": 7.548104583740234, "loss": 7.412409055582683, "epoch": 16, "time": "21:52:04"}
{"val_loss": 7.285077870178223, "loss": 7.557730065663655, "epoch": 17, "time": "21:52:05"}
{"val_loss": 7.194691138458252, "loss": 7.503527344512939, "epoch": 18, "time": "21:52:06"}
{"val_loss": 6.564252252960205, "loss": 7.7665731224060055, "epoch": 19, "time": "21:52:06"}
{"val_loss": 6.236826453399658, "loss": 6.651107521820069, "epoch": 20, "time": "21:52:07"}
{"val_loss": 6.370674884796142, "loss": 6.555936373138428, "epoch": 21, "time": "21:52:08"}
{"val_loss": 6.077583857727051, "loss": 6.483931730397543, "epoch": 22, "time": "21:52:08"}
{"val_loss": 6.201659943389893, "loss": 6.381514060465495, "epoch": 23, "time": "21:52:09"}
{"val_loss": 6.176125452423095, "loss": 6.1982119839986165, "epoch": 24, "time": "21:52:10"}
{"val_loss": 6.1142842552185055, "loss": 6.192760111745199, "epoch": 25, "time": "21:52:11"}
{"val_loss": 5.9666316650390625, "loss": 6.278317715454102, "epoch": 26, "time": "21:52:11"}
{"val_loss": 5.886463642120361, "loss": 6.123898776499431, "epoch": 27, "time": "21:52:12"}
{"val_loss": 6.005602405548096, "loss": 6.3818573608398435, "epoch": 28, "time": "21:52:13"}
{"val_loss": 5.950557958984375, "loss": 6.2157255612691245, "epoch": 29, "time": "21:52:13"}
{"val_loss": 6.579963568115234, "loss": 6.407423906453451, "epoch": 30, "time": "21:52:14"}
{"val_loss": 6.178066474914551, "loss": 6.3092933423360185, "epoch": 31, "time": "21:52:15"}
{"val_loss": 6.093561353302002, "loss": 6.221029187266032, "epoch": 32, "time": "21:52:15"}
{"val_loss": 6.013702813720703, "loss": 6.216393279774984, "epoch": 33, "time": "21:52:16"}
{"val_loss": 5.990637725830078, "loss": 6.215520088450114, "epoch": 34, "time": "21:52:17"}
{"val_loss": 6.395588336181641, "loss": 6.203484136199951, "epoch": 35, "time": "21:52:18"}
{"val_loss": 6.695051533508301, "loss": 6.771649482218424, "epoch": 36, "time": "21:52:18"}
{"val_loss": 6.004768055725098, "loss": 6.366966145324707, "epoch": 37, "time": "21:52:19"}
{"val_loss": 6.087816375732422, "loss": 6.193741237131754, "epoch": 38, "time": "21:52:20"}
{"val_loss": 6.2604955940246585, "loss": 6.188250892384847, "epoch": 39, "time": "21:52:20"}
{"val_loss": 6.0460759590148925, "loss": 6.292448715464274, "epoch": 40, "time": "21:52:21"}
{"val_loss": 6.025225342559814, "loss": 6.19349261042277, "epoch": 41, "time": "21:52:22"}
{"val_loss": 5.808794361114502, "loss": 6.125556830851237, "epoch": 42, "time": "21:52:23"}
{"val_loss": 6.061300440216065, "loss": 6.153378200022379, "epoch": 43, "time": "21:52:23"}
{"val_loss": 5.901555786895752, "loss": 6.271263920084635, "epoch": 44, "time": "21:52:24"}
{"val_loss": 5.934694812774659, "loss": 6.337043500773112, "epoch": 45, "time": "21:52:25"}
{"val_loss": 5.8788479194641114, "loss": 6.23577637608846, "epoch": 46, "time": "21:52:25"}
{"val_loss": 6.797207678985596, "loss": 6.2567757250467935, "epoch": 47, "time": "21:52:26"}
{"val_loss": 6.12515952835083, "loss": 6.3794994575500485, "epoch": 48, "time": "21:52:27"}
{"val_loss": 5.9977907470703125, "loss": 6.107975910186767, "epoch": 49, "time": "21:52:28"}
