{"val_loss": 14.454710914611816, "loss": 14.518354416910807, "epoch": 0, "time": "19:49:26"}
{"val_loss": 14.454710914611816, "loss": 14.517571578470866, "epoch": 1, "time": "19:49:27"}
{"val_loss": 14.454710914611816, "loss": 14.517571582539876, "epoch": 2, "time": "19:49:28"}
{"val_loss": 14.454710914611816, "loss": 14.517571588134766, "epoch": 3, "time": "19:49:29"}
{"val_loss": 14.454710914611816, "loss": 14.517571584065756, "epoch": 4, "time": "19:49:30"}
{"val_loss": 14.454710914611816, "loss": 14.51757158203125, "epoch": 5, "time": "19:49:30"}
{"val_loss": 14.454710914611816, "loss": 14.517571579996744, "epoch": 6, "time": "19:49:31"}
{"val_loss": 14.454710914611816, "loss": 14.517571586608886, "epoch": 7, "time": "19:49:32"}
{"val_loss": 14.454710914611816, "loss": 14.517571547444662, "epoch": 8, "time": "19:49:33"}
{"val_loss": 14.454710914611816, "loss": 14.517571571858724, "epoch": 9, "time": "19:49:34"}
{"val_loss": 14.454710914611816, "loss": 14.517571542867024, "epoch": 10, "time": "19:49:34"}
{"val_loss": 14.454710914611816, "loss": 14.517571606445312, "epoch": 11, "time": "19:49:35"}
{"val_loss": 14.454710914611816, "loss": 14.51757159016927, "epoch": 12, "time": "19:49:36"}
{"val_loss": 14.454710914611816, "loss": 14.517571597798666, "epoch": 13, "time": "19:49:37"}
{"val_loss": 14.454710914611816, "loss": 14.517571593729654, "epoch": 14, "time": "19:49:37"}
{"val_loss": 14.454710914611816, "loss": 14.51757158050537, "epoch": 15, "time": "19:49:38"}
{"val_loss": 14.454710914611816, "loss": 14.517571581522624, "epoch": 16, "time": "19:49:39"}
{"val_loss": 14.454710914611816, "loss": 14.51757162475586, "epoch": 17, "time": "19:49:39"}
{"val_loss": 14.454710914611816, "loss": 14.51757157236735, "epoch": 18, "time": "19:49:40"}
{"val_loss": 14.454710914611816, "loss": 14.517571579488118, "epoch": 19, "time": "19:49:41"}
{"val_loss": 14.454710914611816, "loss": 14.51757157796224, "epoch": 20, "time": "19:49:41"}
{"val_loss": 14.454710914611816, "loss": 14.51757161102295, "epoch": 21, "time": "19:49:42"}
{"val_loss": 14.454710914611816, "loss": 14.517571567789714, "epoch": 22, "time": "19:49:43"}
{"val_loss": 14.454710914611816, "loss": 14.517571588134766, "epoch": 23, "time": "19:49:44"}
{"val_loss": 14.454710914611816, "loss": 14.517571569824218, "epoch": 24, "time": "19:49:44"}
{"val_loss": 14.454710914611816, "loss": 14.517571567789714, "epoch": 25, "time": "19:49:45"}
{"val_loss": 14.454710914611816, "loss": 14.517571560160318, "epoch": 26, "time": "19:49:46"}
{"val_loss": 14.454710914611816, "loss": 14.51757157796224, "epoch": 27, "time": "19:49:46"}
{"val_loss": 14.454710914611816, "loss": 14.517571575927734, "epoch": 28, "time": "19:49:47"}
{"val_loss": 14.454710914611816, "loss": 14.517571563720702, "epoch": 29, "time": "19:49:48"}
{"val_loss": 14.454710914611816, "loss": 14.517571561177572, "epoch": 30, "time": "19:49:48"}
{"val_loss": 14.454710914611816, "loss": 14.517571558125814, "epoch": 31, "time": "19:49:49"}
{"val_loss": 14.454710914611816, "loss": 14.517571596781412, "epoch": 32, "time": "19:49:50"}
{"val_loss": 14.454710914611816, "loss": 14.517571547953288, "epoch": 33, "time": "19:49:50"}
{"val_loss": 14.454710914611816, "loss": 14.517571577453614, "epoch": 34, "time": "19:49:51"}
{"val_loss": 14.454710914611816, "loss": 14.51757157389323, "epoch": 35, "time": "19:49:52"}
{"val_loss": 14.454710914611816, "loss": 14.517571554056804, "epoch": 36, "time": "19:49:53"}
{"val_loss": 14.454710914611816, "loss": 14.517571558125814, "epoch": 37, "time": "19:49:53"}
{"val_loss": 14.454710914611816, "loss": 14.517571584574382, "epoch": 38, "time": "19:49:54"}
{"val_loss": 14.454710914611816, "loss": 14.51757158203125, "epoch": 39, "time": "19:49:55"}
{"val_loss": 14.454710914611816, "loss": 14.517571574401856, "epoch": 40, "time": "19:49:56"}
{"val_loss": 14.454710914611816, "loss": 14.51757157389323, "epoch": 41, "time": "19:49:57"}
{"val_loss": 14.454710914611816, "loss": 14.51757158050537, "epoch": 42, "time": "19:49:57"}
{"val_loss": 14.454710914611816, "loss": 14.517571569824218, "epoch": 43, "time": "19:49:58"}
{"val_loss": 14.454710914611816, "loss": 14.517571584574382, "epoch": 44, "time": "19:49:59"}
{"val_loss": 14.454710914611816, "loss": 14.517571586608886, "epoch": 45, "time": "19:49:59"}
{"val_loss": 14.454710914611816, "loss": 14.517571586608886, "epoch": 46, "time": "19:50:00"}
{"val_loss": 14.454710914611816, "loss": 14.517571560160318, "epoch": 47, "time": "19:50:01"}
{"val_loss": 14.454710914611816, "loss": 14.517571571858724, "epoch": 48, "time": "19:50:02"}
{"val_loss": 14.454710914611816, "loss": 14.51757156829834, "epoch": 49, "time": "19:50:02"}
