{"val_loss": 10.147868258666993, "loss": 10.534834620157877, "epoch": 0, "time": "21:21:16"}
{"val_loss": 10.553981369018555, "loss": 10.231402070617676, "epoch": 1, "time": "21:21:16"}
{"val_loss": 8.884911808776856, "loss": 9.656042153422037, "epoch": 2, "time": "21:21:17"}
{"val_loss": 7.6149669250488285, "loss": 8.242091292572022, "epoch": 3, "time": "21:21:18"}
{"val_loss": 7.762407159423828, "loss": 7.77225321375529, "epoch": 4, "time": "21:21:19"}
{"val_loss": 7.653532196807861, "loss": 7.714498240407308, "epoch": 5, "time": "21:21:19"}
{"val_loss": 7.571357391357422, "loss": 7.712201338195801, "epoch": 6, "time": "21:21:20"}
{"val_loss": 7.55148726272583, "loss": 7.606682845815023, "epoch": 7, "time": "21:21:21"}
{"val_loss": 7.60760557937622, "loss": 7.620423345692952, "epoch": 8, "time": "21:21:22"}
{"val_loss": 7.617704065704346, "loss": 7.530731602223714, "epoch": 9, "time": "21:21:22"}
{"val_loss": 7.416325104522705, "loss": 7.560307356262207, "epoch": 10, "time": "21:21:23"}
{"val_loss": 7.373998816680908, "loss": 7.486462727864583, "epoch": 11, "time": "21:21:24"}
{"val_loss": 7.340741797637939, "loss": 7.617599676767985, "epoch": 12, "time": "21:21:24"}
{"val_loss": 7.388813874053955, "loss": 7.569586513264974, "epoch": 13, "time": "21:21:25"}
{"val_loss": 7.27646289138794, "loss": 7.417723928070068, "epoch": 14, "time": "21:21:26"}
{"val_loss": 7.379250428009033, "loss": 7.606270358022054, "epoch": 15, "time": "21:21:27"}
{"val_loss": 7.463837451171875, "loss": 7.416409128570557, "epoch": 16, "time": "21:21:27"}
{"val_loss": 7.186202391052246, "loss": 6.790561682891846, "epoch": 17, "time": "21:21:28"}
{"val_loss": 6.242728314208985, "loss": 6.567715892537435, "epoch": 18, "time": "21:21:29"}
{"val_loss": 6.443895208740234, "loss": 6.386185519663493, "epoch": 19, "time": "21:21:30"}
{"val_loss": 6.174781829071045, "loss": 6.375000496419271, "epoch": 20, "time": "21:21:30"}
{"val_loss": 6.3016693435668945, "loss": 6.317748950449626, "epoch": 21, "time": "21:21:31"}
{"val_loss": 6.225516497802734, "loss": 6.428912140146891, "epoch": 22, "time": "21:21:32"}
{"val_loss": 6.243966578674317, "loss": 6.373764269002279, "epoch": 23, "time": "21:21:32"}
{"val_loss": 6.08824991607666, "loss": 6.338478373972575, "epoch": 24, "time": "21:21:33"}
{"val_loss": 6.734809686279297, "loss": 6.301809084065755, "epoch": 25, "time": "21:21:34"}
{"val_loss": 6.686603448486328, "loss": 6.380348606618245, "epoch": 26, "time": "21:21:35"}
{"val_loss": 6.113250775146485, "loss": 6.206585604095459, "epoch": 27, "time": "21:21:35"}
{"val_loss": 6.3467956611633305, "loss": 6.204634415435791, "epoch": 28, "time": "21:21:36"}
{"val_loss": 6.038671508789062, "loss": 6.211540356699626, "epoch": 29, "time": "21:21:37"}
{"val_loss": 6.1685589363098146, "loss": 6.140936361440023, "epoch": 30, "time": "21:21:38"}
{"val_loss": 6.12552299194336, "loss": 6.205229199473063, "epoch": 31, "time": "21:21:38"}
{"val_loss": 6.2058751953125, "loss": 6.174675288645426, "epoch": 32, "time": "21:21:39"}
{"val_loss": 5.96122685546875, "loss": 6.174575914510092, "epoch": 33, "time": "21:21:40"}
{"val_loss": 6.222570812988281, "loss": 6.197125898488363, "epoch": 34, "time": "21:21:40"}
{"val_loss": 6.11756046218872, "loss": 6.392302098592123, "epoch": 35, "time": "21:21:41"}
{"val_loss": 6.240245349884034, "loss": 6.1938149416605635, "epoch": 36, "time": "21:21:42"}
{"val_loss": 6.077832971191406, "loss": 6.357527649180095, "epoch": 37, "time": "21:21:42"}
{"val_loss": 6.285478999328613, "loss": 6.290582568868001, "epoch": 38, "time": "21:21:43"}
{"val_loss": 6.081372217559815, "loss": 6.2146089754740395, "epoch": 39, "time": "21:21:44"}
{"val_loss": 6.3339722671508785, "loss": 6.141837935384115, "epoch": 40, "time": "21:21:45"}
{"val_loss": 6.076929290771484, "loss": 6.201523565928142, "epoch": 41, "time": "21:21:45"}
{"val_loss": 6.139462921905517, "loss": 6.129390524546305, "epoch": 42, "time": "21:21:46"}
{"val_loss": 6.193598205566406, "loss": 6.147147424316406, "epoch": 43, "time": "21:21:47"}
{"val_loss": 6.263507302856445, "loss": 6.2702662386576336, "epoch": 44, "time": "21:21:47"}
{"val_loss": 6.120415411376953, "loss": 6.209138045501709, "epoch": 45, "time": "21:21:48"}
{"val_loss": 6.2306708984375, "loss": 6.1456736488342285, "epoch": 46, "time": "21:21:49"}
{"val_loss": 6.205267938232422, "loss": 6.131942464955648, "epoch": 47, "time": "21:21:49"}
{"val_loss": 5.970601594543457, "loss": 6.291630552419027, "epoch": 48, "time": "21:21:50"}
{"val_loss": 6.135562384796143, "loss": 6.1126692044576005, "epoch": 49, "time": "21:21:51"}
